date,session_time,time,rpm,speed,n_gear,throttle,brake,drs,source,relative_distance,status,x,y,z,distance,driver_ahead,distance_to_driver_ahead,driver_code
2022-09-03T14:05:01Z,4801.413,0,11326,321,8,100,FALSE,12,interpolation,2.0365755857243737e-5,OnTrack,510,3784,537,0,,390.16166666666663,VER
2022-09-03T14:05:01Z,4801.438,0.025,11344,321,8,100,FALSE,12,pos,5.501221092939379e-4,OnTrack,521,3811,537,2.229166666666667,,390.16166666666663,VER
2022-09-03T14:05:01Z,4801.475,0.062,11379,322,8,100,FALSE,12,car,0.001334362597360261,OnTrack,538,3853,536,5.538611111111111,,390.16166666666663,VER
2022-09-03T14:05:01Z,4801.698,0.285,11396,322,8,100,FALSE,12,pos,0.00606668938903537,OnTrack,654,4134,537,25.484722222222217,,390.16166666666663,VER
2022-09-03T14:05:01Z,4801.755,0.342,11414,323,8,100,FALSE,12,car,0.007278592392713524,OnTrack,674,4183,537,30.598888888888887,47,390.16166666666663,VER
2022-09-03T14:05:01Z,4801.956,0.543,11415,324,8,100,FALSE,12,car,0.011558911070207841,OnTrack,710,4274,537,48.68888888888888,47,380.72583333333324,VER
2022-09-03T14:05:02Z,4802.078,0.665,11431,324,8,100,FALSE,12,pos,0.014156939287334892,OnTrack,735,4334,537,59.66888888888889,47,376.28138888888884,VER
2022-09-03T14:05:02Z,4802.156,0.743,11448,324,8,100,FALSE,12,car,0.015817934629903677,OnTrack,755,4384,536,66.68888888888888,47,371.8369444444444,VER
2022-09-03T14:05:02Z,4802.316,0.903,11466,324,8,100,FALSE,12,car,0.019225153477660347,OnTrack,812,4522,536,81.08888888888889,47,365.17027777777776,VER
2022-09-03T14:05:02Z,4802.358,0.945,11478,324,8,100,FALSE,12,pos,0.02011906578727666,OnTrack,831,4567,537,84.86888888888888,47,361.0036111111111,VER
2022-09-03T14:05:02Z,4802.516,1.103,11491,324,8,100,FALSE,12,car,0.023484177037356186,OnTrack,908,4757,537,99.08888888888887,47,356.83694444444444,VER
2022-09-03T14:05:02Z,4802.558,1.145,11494,325,8,100,FALSE,12,pos,0.02438155614940456,OnTrack,926,4801,537,102.88055555555555,47,352.17027777777776,VER
2022-09-03T14:05:02Z,4802.756,1.343,11497,326,8,100,FALSE,12,car,0.028626553631655602,OnTrack,976,4924,536,120.81055555555554,47,347.50361111111107,VER
2022-09-03T14:05:02Z,4802.858,1.445,11497,326,8,100,FALSE,12,pos,0.03081757994724688,OnTrack,1002,4985,536,130.04722222222222,47,342.56472222222214,VER
2022-09-03T14:05:03Z,4803.036,1.623,11498,327,8,100,FALSE,12,car,0.0346443961798925,OnTrack,1062,5133,536,146.21555555555554,47,337.6258333333333,VER
2022-09-03T14:05:03Z,4803.058,1.645,11514,327,8,100,FALSE,12,pos,0.035117380992850625,OnTrack,1070,5153,537,148.21388888888887,47,334.15916666666664,VER
2022-09-03T14:05:03Z,4803.319,1.906,11530,327,8,100,FALSE,12,pos,0.04072734525248253,OnTrack,1164,5389,537,171.92138888888886,47,330.69249999999994,VER
2022-09-03T14:05:03Z,4803.356,1.943,11546,327,8,100,FALSE,12,car,0.04152193052073466,OnTrack,1176,5423,537,175.2822222222222,47,327.2258333333333,VER
2022-09-03T14:05:03Z,4803.579,2.166,11572,325,8,100,FALSE,12,pos,0.04630528466195049,OnTrack,1246,5635,538,195.41416666666663,47,321.3369444444444,VER
2022-09-03T14:05:03Z,4803.756,2.343,11598,324,8,100,TRUE,8,car,0.05003997764012634,OnTrack,1290,5793,538,211.34416666666664,47,315.4480555555555,VER
2022-09-03T14:05:03Z,4803.798,2.385,11395,317,8,50,TRUE,8,pos,0.05091220147062168,OnTrack,1300,5828,539,215.04249999999996,47,313.55916666666667,VER
2022-09-03T14:05:03Z,4803.916,2.503,11192,311,8,0,TRUE,8,car,0.053310487089670545,OnTrack,1324,5916,540,225.23638888888888,47,311.67027777777776,VER
2022-09-03T14:05:03Z,4803.958,2.545,10795,299,8,0,TRUE,8,pos,0.054131037216442336,OnTrack,1333,5947,541,228.7247222222222,47,310.4258333333333,VER
2022-09-03T14:05:04Z,4804.178,2.765,10398,288,8,0,TRUE,8,pos,0.05810956780842935,OnTrack,1382,6123,544,246.32472222222222,47,309.1813888888889,VER
2022-09-03T14:05:04Z,4804.196,2.783,10002,277,8,0,TRUE,8,car,0.05840817022686204,OnTrack,1387,6139,544,247.7097222222222,47,307.9369444444444,VER
2022-09-03T14:05:04Z,4804.396,2.983,10002,233,8,0,TRUE,8,car,0.06147098655219886,OnTrack,1453,6329,546,260.65416666666664,47,307.88138888888875,VER
2022-09-03T14:05:04Z,4804.458,3.045,10002,222,8,0,TRUE,8,pos,0.06235328769408631,OnTrack,1469,6372,547,264.47749999999996,47,308.45916666666653,VER
2022-09-03T14:05:04Z,4804.556,3.143,10002,211,8,0,TRUE,8,car,0.06368988524626261,OnTrack,1485,6414,547,270.22138888888884,47,309.0369444444443,VER
2022-09-03T14:05:04Z,4804.756,3.343,10702,194,7,0,TRUE,8,car,0.0662400413283027,OnTrack,1510,6457,547,280.9991666666666,47,311.64805555555546,VER
2022-09-03T14:05:04Z,4804.758,3.345,10774,194,7,0,TRUE,8,pos,0.06626560699101443,OnTrack,1511,6458,548,281.1069444444444,47,312.7591666666666,VER
2022-09-03T14:05:04Z,4804.916,3.503,10847,194,5,0,TRUE,8,car,0.06828016619393477,OnTrack,1552,6520,547,289.6213888888889,47,313.8702777777777,VER
2022-09-03T14:05:04Z,4804.918,3.505,11300,178,5,0,TRUE,8,pos,0.06830450950037671,OnTrack,1553,6521,548,289.72027777777777,47,317.42027777777764,VER
2022-09-03T14:05:05Z,4805.276,3.863,11754,162,4,0,TRUE,8,car,0.07211328739766103,OnTrack,1674,6637,550,305.8302777777778,47,320.97027777777765,VER
2022-09-03T14:05:05Z,4805.278,3.865,11216,155,4,0,TRUE,8,pos,0.07213289581018052,OnTrack,1675,6638,550,305.9163888888889,47,323.1924999999999,VER
2022-09-03T14:05:05Z,4805.498,4.085,10679,148,4,0,TRUE,8,pos,0.07422139471407847,OnTrack,1747,6674,549,314.9608333333333,47,325.4147222222221,VER
2022-09-03T14:05:05Z,4805.596,4.183,10142,142,3,0,TRUE,8,car,0.07509986194322552,OnTrack,1780,6685,548,318.82638888888886,47,327.63694444444434,VER
2022-09-03T14:05:05Z,4805.755,4.342,9412,130,3,0,TRUE,8,car,0.07645841158796182,OnTrack,1836,6697,548,324.56805555555553,47,330.90527777777766,VER
2022-09-03T14:05:05Z,4805.878,4.465,9128,128,3,0,TRUE,8,pos,0.07748373574255249,OnTrack,1882,6702,549,328.94138888888887,47,333.40527777777766,VER
2022-09-03T14:05:06Z,4805.995,4.582,8845,126,3,0,FALSE,8,car,0.07844595591581989,OnTrack,1926,6701,548,333.0363888888889,47,335.9052777777776,VER
2022-09-03T14:05:06Z,4806.018,4.605,8845,124,3,1,FALSE,8,pos,0.07863389875720536,OnTrack,1935,6701,549,333.8286111111111,47,337.4386111111109,VER
2022-09-03T14:05:06Z,4806.155,4.742,8845,123,3,2,FALSE,8,car,0.07973943714506086,OnTrack,1978,6694,549,338.50944444444445,47,338.9719444444442,VER
2022-09-03T14:05:06Z,4806.178,4.765,8725,120,3,5,FALSE,8,pos,0.07992086605763103,OnTrack,1986,6693,549,339.2761111111111,47,340.83305555555535,VER
2022-09-03T14:05:06Z,4806.355,4.942,8606,118,3,8,FALSE,8,car,0.08129056300939452,OnTrack,2043,6675,548,345.0777777777778,47,342.6941666666665,VER
2022-09-03T14:05:06Z,4806.438,5.025,9040,121,3,31,FALSE,8,pos,0.0819399321417429,OnTrack,2069,6665,548,347.8675,47,349.1386111111109,VER
2022-09-03T14:05:07Z,4807.155,5.742,9474,124,3,55,FALSE,8,car,0.08781054969337333,OnTrack,2236,6502,544,372.56416666666667,47,355.5830555555553,VER
2022-09-03T14:05:07Z,4807.278,5.865,9489,126,3,56,FALSE,8,pos,0.08884313408265573,OnTrack,2255,6462,544,376.8691666666667,47,357.19416666666643,VER
2022-09-03T14:05:07Z,4807.355,5.942,9505,129,3,57,FALSE,8,car,0.08950627203658557,OnTrack,2265,6435,543,379.62833333333333,47,358.8052777777775,VER
2022-09-03T14:05:07Z,4807.438,6.025,9998,134,3,67,FALSE,8,pos,0.0902438037309564,OnTrack,2275,6405,544,382.71777777777777,47,361.2052777777775,VER
2022-09-03T14:05:07Z,4807.675,6.262,10492,140,3,77,FALSE,8,car,0.09245078215193082,OnTrack,2292,6318,544,391.9344444444444,47,363.60527777777753,VER
2022-09-03T14:05:07Z,4807.678,6.265,10666,142,3,80,FALSE,8,pos,0.09247922715689612,OnTrack,2293,6317,544,392.05277777777775,47,364.2941666666664,VER
2022-09-03T14:05:07Z,4807.838,6.425,10841,144,3,84,FALSE,8,pos,0.09401286523413355,OnTrack,2296,6258,543,398.4527777777778,47,364.9830555555553,VER
2022-09-03T14:05:07Z,4807.915,6.502,11016,147,3,88,FALSE,8,car,0.09476958386776523,OnTrack,2294,6221,542,401.59694444444443,47,365.6719444444442,VER
2022-09-03T14:05:08Z,4808.118,6.705,11513,153,3,94,FALSE,8,pos,0.09683661028943422,OnTrack,2281,6108,542,410.22444444444443,47,365.7830555555553,VER
2022-09-03T14:05:08Z,4808.315,6.902,12011,159,3,100,FALSE,8,car,0.09894973662080003,OnTrack,2254,5997,541,418.92527777777775,47,365.8941666666664,VER
2022-09-03T14:05:08Z,4808.498,7.085,11977,166,3,100,FALSE,8,pos,0.10101398933848937,OnTrack,2227,5910,540,427.3636111111111,47,365.3868055555554,VER
2022-09-03T14:05:08Z,4808.596,7.183,11944,174,3,100,FALSE,8,car,0.10216332763820386,OnTrack,2215,5873,539,432.10027777777776,47,364.8794444444443,VER
2022-09-03T14:05:08Z,4808.956,7.543,11494,187,4,100,FALSE,8,car,0.10658797989188787,OnTrack,2173,5757,538,450.80027777777775,47,360.77944444444427,VER
2022-09-03T14:05:08Z,4808.958,7.545,11804,187,4,100,FALSE,8,pos,0.10661252068453955,OnTrack,2173,5757,538,450.90416666666664,47,360.06833333333316,VER
2022-09-03T14:05:09Z,4809.038,7.625,12114,187,4,100,FALSE,8,pos,0.10759010320706743,OnTrack,2159,5718,538,455.0597222222222,47,359.35722222222205,VER
2022-09-03T14:05:09Z,4809.116,7.703,12425,187,4,100,FALSE,8,car,0.10855449200463632,OnTrack,2146,5683,537,459.1113888888889,47,358.64611111111094,VER
2022-09-03T14:05:09Z,4809.356,7.943,11792,198,4,100,FALSE,8,car,0.11167777594841327,OnTrack,2101,5570,535,472.31138888888887,47,354.3127777777776,VER
2022-09-03T14:05:09Z,4809.358,7.945,11237,201,4,100,FALSE,8,pos,0.11170435804799385,OnTrack,2101,5569,535,472.42305555555555,47,352.77944444444427,VER
2022-09-03T14:05:09Z,4809.516,8.103,10683,204,5,100,FALSE,8,car,0.11382306188959339,OnTrack,2043,5439,532,481.37638888888887,47,351.24611111111096,VER
2022-09-03T14:05:09Z,4809.558,8.145,10767,205,5,100,FALSE,8,pos,0.11439204056772134,OnTrack,2031,5410,532,483.7680555555555,47,349.71277777777766,VER
2022-09-03T14:05:09Z,4809.676,8.263,10851,207,5,100,FALSE,8,car,0.11599989615343792,OnTrack,2006,5355,531,490.55305555555555,47,348.1794444444443,VER
2022-09-03T14:05:09Z,4809.836,8.423,10851,209,5,100,FALSE,8,car,0.11819776263239208,OnTrack,1989,5317,530,499.84194444444444,47,345.20166666666654,VER
2022-09-03T14:05:09Z,4809.879,8.466,11076,213,5,100,FALSE,8,pos,0.11880106518753568,OnTrack,1983,5303,531,502.38611111111106,47,342.4979629629628,VER
2022-09-03T14:05:10Z,4810.218,8.805,11301,217,5,100,FALSE,8,pos,0.12374119819023337,OnTrack,1899,5115,532,522.8202777777777,47,339.79425925925904,VER
2022-09-03T14:05:10Z,4810.236,8.823,11527,221,5,100,FALSE,8,car,0.12400791205642159,OnTrack,1893,5101,532,523.9252777777778,47,337.0905555555553,VER
2022-09-03T14:05:10Z,4810.396,8.983,11553,227,5,100,FALSE,8,car,0.1263950684713622,OnTrack,1845,4977,533,534.0141666666666,47,333.5794444444442,VER
2022-09-03T14:05:10Z,4810.418,9.005,11727,229,5,100,FALSE,8,pos,0.12672725270731522,OnTrack,1840,4963,534,535.4136111111111,47,331.4405555555554,VER
2022-09-03T14:05:10Z,4810.596,9.183,11901,232,5,100,FALSE,8,car,0.1294447396622555,OnTrack,1810,4876,535,546.8847222222222,47,329.3016666666666,VER
2022-09-03T14:05:10Z,4810.738,9.325,11277,233,5,100,FALSE,8,pos,0.13162013530279973,OnTrack,1796,4811,536,556.0752777777777,47,326.9016666666666,VER
2022-09-03T14:05:10Z,4810.836,9.423,10653,234,5,100,FALSE,8,car,0.1331358934139919,OnTrack,1785,4751,535,562.4452777777777,47,324.50166666666655,VER
2022-09-03T14:05:10Z,4810.938,9.525,10734,236,5,100,FALSE,8,pos,0.13473464840555338,OnTrack,1776,4684,535,569.1319444444445,47,322.4868518518517,VER
2022-09-03T14:05:11Z,4811.138,9.725,10815,238,5,100,FALSE,8,pos,0.137916904710141,OnTrack,1769,4551,534,582.3541666666666,47,320.4720370370369,VER
2022-09-03T14:05:11Z,4811.156,9.743,10897,241,6,100,FALSE,8,car,0.13820465725540768,OnTrack,1769,4538,533,583.5591666666667,47,318.4572222222221,VER
2022-09-03T14:05:11Z,4811.396,9.983,11065,245,6,100,FALSE,8,car,0.14206932678179837,OnTrack,1778,4372,530,599.8925,47,314.1238888888886,VER
2022-09-03T14:05:11Z,4811.438,10.025,11036,245,6,100,FALSE,8,pos,0.1427557048405024,OnTrack,1781,4344,530,602.7508333333334,47,312.6720370370368,VER
2022-09-03T14:05:11Z,4811.618,10.205,11007,246,6,100,FALSE,8,pos,0.14570408047990122,OnTrack,1792,4226,530,615.0508333333333,47,311.2201851851849,VER
2022-09-03T14:05:11Z,4811.676,10.263,10979,247,6,100,TRUE,8,car,0.14661491427236262,OnTrack,1795,4184,530,619.0302777777778,47,309.7683333333331,VER
2022-09-03T14:05:11Z,4811.916,10.503,10001,223,6,0,TRUE,8,car,0.15013255224944475,OnTrack,1801,4007,532,633.8969444444444,47,308.3016666666663,VER
2022-09-03T14:05:11Z,4811.918,10.505,10011,217,6,0,TRUE,8,pos,0.15016074046548253,OnTrack,1801,4006,533,634.0175,47,308.4349999999996,VER
2022-09-03T14:05:12Z,4812.098,10.685,10021,211,6,0,TRUE,8,pos,0.15263937585774637,OnTrack,1786,3899,535,644.5675,47,308.56833333333293,VER
2022-09-03T14:05:12Z,4812.276,10.863,10032,205,5,0,TRUE,8,car,0.15498310685909833,OnTrack,1754,3807,538,654.7036111111111,47,308.70166666666626,VER
2022-09-03T14:05:12Z,4812.278,10.865,9946,200,5,7,TRUE,8,pos,0.15500886747342849,OnTrack,1754,3807,539,654.8147222222223,47,309.86590277777736,VER
2022-09-03T14:05:12Z,4812.538,11.125,9861,196,5,14,TRUE,8,pos,0.15825075396485752,OnTrack,1676,3691,543,668.9702777777778,47,311.03013888888853,VER
2022-09-03T14:05:12Z,4812.678,11.265,9775,192,5,21,TRUE,8,pos,0.1599572849682054,OnTrack,1626,3641,544,676.4369444444445,47,312.1943749999997,VER
2022-09-03T14:05:12Z,4812.755,11.342,9690,188,5,29,FALSE,8,car,0.1609018350936312,OnTrack,1595,3616,544,680.4580555555556,47,313.3586111111108,VER
2022-09-03T14:05:13Z,4813.235,11.822,9844,189,5,72,FALSE,8,car,0.16686446807720537,OnTrack,1366,3493,546,705.6580555555555,47,319.3586111111109,VER
2022-09-03T14:05:13Z,4813.258,11.845,9940,189,5,74,FALSE,8,pos,0.1671511194699177,OnTrack,1354,3488,547,706.8655555555556,47,320.22898148148124,VER
2022-09-03T14:05:13Z,4813.418,12.005,10036,190,5,77,FALSE,8,pos,0.16915766037641874,OnTrack,1269,3455,548,715.3100000000001,47,321.09935185185157,VER
2022-09-03T14:05:13Z,4813.435,12.022,10132,191,5,80,FALSE,8,car,0.16937518875591498,OnTrack,1260,3451,548,716.2119444444445,47,321.9697222222219,VER
2022-09-03T14:05:13Z,4813.658,12.245,10255,195,5,90,FALSE,8,pos,0.1723130828462143,OnTrack,1146,3410,547,728.2911111111111,47,323.88083333333293,VER
2022-09-03T14:05:13Z,4813.755,12.342,10378,200,5,100,FALSE,8,car,0.17358163177783678,OnTrack,1094,3390,546,733.6800000000001,47,325.79194444444397,VER
2022-09-03T14:05:14Z,4813.995,12.582,9209,190,5,0,TRUE,8,car,0.17657872243095607,OnTrack,971,3342,544,746.3466666666667,47,329.5252777777772,VER
2022-09-03T14:05:14Z,4813.998,12.585,9650,184,5,0,TRUE,8,pos,0.1766142983702771,OnTrack,970,3342,544,746.5,47,331.5734259259254,VER
2022-09-03T14:05:14Z,4814.098,12.685,10092,178,5,0,TRUE,8,pos,0.17776974146917845,OnTrack,927,3323,543,751.4444444444445,47,333.62157407407364,VER
2022-09-03T14:05:14Z,4814.275,12.862,10534,172,4,0,TRUE,8,car,0.17974407080495222,OnTrack,849,3280,541,759.901111111111,47,335.6697222222218,VER
2022-09-03T14:05:14Z,4814.378,12.965,10254,172,4,0,TRUE,8,pos,0.1809123056738865,OnTrack,809,3255,540,764.8222222222222,47,337.4919444444441,VER
2022-09-03T14:05:14Z,4814.435,13.022,9974,172,4,0,TRUE,8,car,0.18155284130437863,OnTrack,789,3241,539,767.5455555555556,47,339.3141666666663,VER
2022-09-03T14:05:14Z,4814.578,13.165,9734,168,4,0,TRUE,8,pos,0.18311448720829995,OnTrack,743,3197,538,774.2188888888888,47,342.44749999999954,VER
2022-09-03T14:05:14Z,4814.675,13.262,9495,164,4,1,TRUE,8,car,0.18413980376286054,OnTrack,703,3137,536,778.6377777777778,47,345.58083333333275,VER
2022-09-03T14:05:14Z,4814.778,13.365,9198,158,4,1,TRUE,8,pos,0.18520039385867967,OnTrack,667,3073,535,783.1583333333334,47,350.38083333333276,VER
2022-09-03T14:05:15Z,4814.995,13.582,8901,153,4,2,TRUE,8,car,0.18735773267463074,OnTrack,647,3017,532,792.3808333333334,47,355.18083333333277,VER
2022-09-03T14:05:15Z,4815.098,13.685,8679,150,4,6,TRUE,8,pos,0.18835850797812825,OnTrack,647,2995,532,796.6725,47,360.20333333333275,VER
2022-09-03T14:05:15Z,4815.338,13.925,8457,147,4,11,TRUE,8,pos,0.19064068945173712,OnTrack,646,2903,531,806.4725,47,365.2258333333328,VER
2022-09-03T14:05:15Z,4815.436,14.023,8236,145,4,16,FALSE,8,car,0.19156056078458059,OnTrack,651,2862,530,810.4197222222222,47,370.24833333333277,VER
2022-09-03T14:05:15Z,4815.636,14.223,8203,141,4,23,FALSE,8,car,0.19341402474111488,OnTrack,675,2786,530,818.2530555555555,47,377.4149999999996,VER
2022-09-03T14:05:15Z,4815.638,14.225,8228,139,4,31,FALSE,8,pos,0.19343225571124067,OnTrack,676,2786,530,818.3302777777777,47,380.41499999999957,VER
2022-09-03T14:05:15Z,4815.838,14.425,8254,138,4,40,FALSE,8,pos,0.1952306491023915,OnTrack,713,2729,528,825.9969444444445,47,383.41499999999957,VER
2022-09-03T14:05:15Z,4815.876,14.463,8280,137,4,49,FALSE,8,car,0.19557508484362723,OnTrack,721,2718,527,827.4430555555555,47,386.4149999999995,VER
2022-09-03T14:05:16Z,4815.998,14.585,8475,139,4,55,FALSE,8,pos,0.1966964932131102,OnTrack,757,2685,527,832.1536111111111,47,390.81499999999954,VER
2022-09-03T14:05:16Z,4816.116,14.703,8671,141,4,62,FALSE,8,car,0.1977992415914684,OnTrack,809,2649,527,836.7752777777777,47,395.2149999999996,VER
2022-09-03T14:05:16Z,4816.238,14.825,8955,143,4,71,FALSE,8,pos,0.19895356557128993,OnTrack,866,2618,529,841.6213888888888,47,400.9038888888884,VER
2022-09-03T14:05:16Z,4816.436,15.023,9240,146,4,81,FALSE,8,car,0.2008699449974713,OnTrack,921,2595,530,849.6513888888887,47,406.5927777777772,VER
2022-09-03T14:05:16Z,4816.519,15.106,9577,151,4,84,FALSE,8,pos,0.20169544751134674,OnTrack,952,2592,532,853.1327777777776,47,412.5427777777773,VER
2022-09-03T14:05:16Z,4816.796,15.383,9914,156,4,87,FALSE,8,car,0.2045610987492077,OnTrack,1119,2597,544,865.136111111111,47,418.4927777777774,VER
2022-09-03T14:05:16Z,4816.878,15.465,10079,161,4,93,FALSE,8,pos,0.2054497812936479,OnTrack,1160,2602,548,868.8033333333332,47,422.77055555555506,VER
2022-09-03T14:05:17Z,4817.076,15.663,10245,167,4,100,FALSE,8,car,0.20763443118209934,OnTrack,1214,2613,553,877.9883333333332,47,427.0483333333327,VER
2022-09-03T14:05:17Z,4817.218,15.805,10462,167,4,100,FALSE,8,pos,0.2091888505492738,OnTrack,1255,2627,557,884.5755555555554,47,429.47055555555494,VER
2022-09-03T14:05:17Z,4817.236,15.823,10680,167,4,100,FALSE,8,car,0.20939062114375168,OnTrack,1262,2629,557,885.4105555555554,47,431.89277777777716,VER
2022-09-03T14:05:17Z,4817.398,15.985,11262,174,4,100,FALSE,8,pos,0.2112801329562854,OnTrack,1339,2652,563,893.2405555555554,47,436.24833333333265,VER
2022-09-03T14:05:17Z,4817.556,16.143,11844,181,4,100,FALSE,8,car,0.21319745207859095,OnTrack,1414,2675,568,901.1844444444444,47,440.60388888888815,VER
2022-09-03T14:05:17Z,4817.678,16.265,11844,184,4,100,FALSE,8,pos,0.21469314027149214,OnTrack,1473,2693,572,907.4199999999998,47,443.18722222222146,VER
2022-09-03T14:05:17Z,4817.756,16.343,11844,187,4,100,FALSE,8,car,0.2156555922195265,OnTrack,1510,2704,574,911.4716666666665,47,445.7705555555548,VER
2022-09-03T14:05:17Z,4817.838,16.425,11783,189,4,100,FALSE,8,pos,0.21667214524640682,OnTrack,1548,2716,576,915.7766666666665,47,448.2705555555549,VER
2022-09-03T14:05:17Z,4817.956,16.543,11723,191,4,100,FALSE,8,car,0.21816631289823607,OnTrack,1590,2731,578,922.037222222222,47,450.770555555555,VER
2022-09-03T14:05:18Z,4818.138,16.725,11219,198,4,100,FALSE,8,pos,0.2206122141868495,OnTrack,1657,2758,581,932.0472222222221,47,454.10388888888815,VER
2022-09-03T14:05:18Z,4818.276,16.863,10715,206,5,100,FALSE,8,car,0.22249894921081553,OnTrack,1734,2787,584,939.9438888888886,47,457.4372222222213,VER
2022-09-03T14:05:18Z,4818.298,16.885,10745,206,5,100,FALSE,8,pos,0.22279701548008674,OnTrack,1747,2792,585,941.2027777777777,47,459.93722222222135,VER
2022-09-03T14:05:18Z,4818.516,17.103,10776,206,5,100,FALSE,8,car,0.22574842644525017,OnTrack,1865,2835,588,953.6772222222221,47,462.4372222222214,VER
2022-09-03T14:05:18Z,4818.578,17.165,10988,210,5,100,FALSE,8,pos,0.2266132192632893,OnTrack,1900,2848,589,957.2938888888887,47,464.30388888888814,VER
2022-09-03T14:05:18Z,4818.798,17.385,11200,214,5,100,FALSE,8,pos,0.22977892657899823,OnTrack,2025,2890,593,970.3716666666666,47,466.1705555555549,VER
2022-09-03T14:05:18Z,4818.836,17.423,11413,218,5,100,FALSE,8,car,0.2303334493391449,OnTrack,2045,2896,593,972.6727777777775,47,468.03722222222166,VER
2022-09-03T14:05:18Z,4818.978,17.565,11420,221,5,100,FALSE,8,pos,0.23242003249001905,OnTrack,2125,2921,594,981.3899999999999,47,470.2072222222215,VER
2022-09-03T14:05:19Z,4819.115,17.702,11428,225,5,100,FALSE,8,car,0.2344593784126003,OnTrack,2211,2946,594,989.9524999999999,47,472.37722222222135,VER
2022-09-03T14:05:19Z,4819.178,17.765,11370,227,5,100,FALSE,8,pos,0.23540731165436513,OnTrack,2252,2957,595,993.9249999999998,47,473.6735185185177,VER
2022-09-03T14:05:19Z,4819.358,17.945,11312,229,5,100,FALSE,8,pos,0.23815500075798213,OnTrack,2364,2984,595,1005.3749999999998,47,474.96981481481413,VER
2022-09-03T14:05:19Z,4819.395,17.982,11255,232,5,100,FALSE,8,car,0.2387289180798509,OnTrack,2388,2988,594,1007.7594444444442,47,476.2661111111105,VER
2022-09-03T14:05:20Z,4820.178,18.765,11185,240,5,100,FALSE,8,pos,0.2514787612927098,OnTrack,2971,3037,579,1059.9594444444442,47,480.58277777777715,VER
2022-09-03T14:05:20Z,4820.235,18.822,11116,248,6,100,FALSE,8,car,0.2524208901162064,OnTrack,3002,3036,577,1063.8861111111107,47,484.8994444444438,VER
2022-09-03T14:05:20Z,4820.435,19.022,11382,252,6,100,FALSE,8,car,0.25573346399596986,OnTrack,3097,3031,571,1077.8861111111107,47,486.7327777777771,VER
2022-09-03T14:05:20Z,4820.558,19.145,11502,254,6,100,FALSE,8,pos,0.2577988740874085,OnTrack,3168,3025,568,1086.5644444444442,47,487.54944444444357,VER
2022-09-03T14:05:20Z,4820.715,19.302,11623,257,6,100,FALSE,8,car,0.2604630833687432,OnTrack,3278,3012,562,1097.7724999999998,47,488.36611111111006,VER
2022-09-03T14:05:20Z,4820.718,19.305,11650,258,6,100,FALSE,8,pos,0.2605141734007403,OnTrack,3281,3012,562,1097.9874999999997,47,488.7438888888878,VER
2022-09-03T14:05:20Z,4820.875,19.462,11678,260,6,100,FALSE,8,car,0.2631972713329924,OnTrack,3393,2995,555,1109.3263888888887,47,489.12166666666553,VER
2022-09-03T14:05:20Z,4820.918,19.505,11258,261,6,100,FALSE,8,pos,0.26393547017744384,OnTrack,3424,2990,554,1112.4438888888885,47,489.37166666666565,VER
2022-09-03T14:05:21Z,4821.075,19.662,10838,262,6,100,FALSE,8,car,0.2666412965571909,OnTrack,3536,2970,547,1123.8699999999997,47,489.62166666666576,VER
2022-09-03T14:05:21Z,4821.078,19.665,10771,263,6,100,FALSE,8,pos,0.26669311592371303,OnTrack,3539,2970,547,1124.0891666666664,47,489.68833333333225,VER
2022-09-03T14:05:21Z,4821.315,19.902,10705,264,7,100,FALSE,8,car,0.2708056751488935,OnTrack,3711,2936,538,1141.4691666666665,47,489.75499999999874,VER
2022-09-03T14:05:21Z,4821.378,19.965,10720,266,7,100,FALSE,8,pos,0.27191000456852654,OnTrack,3755,2928,536,1146.1241666666665,47,489.5605555555543,VER
2022-09-03T14:05:21Z,4821.515,20.102,10735,268,7,100,FALSE,8,car,0.274328571179753,OnTrack,3845,2909,532,1156.3230555555554,47,489.36611111110983,VER
2022-09-03T14:05:21Z,4821.638,20.225,10817,270,7,100,FALSE,8,pos,0.27651715880561406,OnTrack,3947,2892,529,1165.5480555555555,47,488.6527777777767,VER
2022-09-03T14:05:21Z,4821.836,20.423,10899,272,7,100,FALSE,8,car,0.2800672110724098,OnTrack,4175,2862,524,1180.5080555555553,47,487.93944444444355,VER
2022-09-03T14:05:21Z,4821.878,20.465,10934,273,7,100,FALSE,8,pos,0.2808230189386722,OnTrack,4213,2858,524,1183.6930555555555,47,486.88944444444337,VER
2022-09-03T14:05:22Z,4822.196,20.783,10969,275,7,100,FALSE,8,car,0.2865740526219452,OnTrack,4343,2849,523,1207.9847222222222,47,485.8394444444432,VER
2022-09-03T14:05:22Z,4822.238,20.825,11010,275,7,100,FALSE,8,pos,0.28733684436756385,OnTrack,4380,2852,524,1211.1930555555555,47,485.2172222222211,VER
2022-09-03T14:05:22Z,4822.438,21.025,11051,276,7,100,FALSE,8,pos,0.29097841148653836,OnTrack,4638,2875,525,1226.5263888888887,47,484.59499999999895,VER
2022-09-03T14:05:22Z,4822.476,21.063,11092,277,7,100,FALSE,8,car,0.29167173575913663,OnTrack,4681,2880,525,1229.4502777777777,47,483.97277777777686,VER
2022-09-03T14:05:22Z,4822.636,21.223,11092,278,7,100,FALSE,8,car,0.2945952136593723,OnTrack,4822,2903,525,1241.8058333333333,47,482.86166666666577,VER
2022-09-03T14:05:23Z,4823.076,21.663,11159,279,7,100,FALSE,8,car,0.3026636971807961,OnTrack,5023,2994,526,1275.9058333333335,47,479.8061111111099,VER
2022-09-03T14:05:23Z,4823.099,21.686,11172,279,7,100,FALSE,8,pos,0.30308731255961424,OnTrack,5038,3002,526,1277.6883333333335,47,479.0357407407395,VER
2022-09-03T14:05:23Z,4823.239,21.826,11185,280,7,100,FALSE,8,pos,0.30567048775978567,OnTrack,5137,3050,526,1288.5772222222224,47,478.2653703703691,VER
2022-09-03T14:05:23Z,4823.396,21.983,11198,281,7,100,FALSE,8,car,0.3085737496265963,OnTrack,5247,3110,527,1300.8319444444446,47,477.49499999999875,VER
2022-09-03T14:05:23Z,4823.538,22.125,11198,281,7,100,FALSE,8,pos,0.3112036290205585,OnTrack,5343,3167,530,1311.9158333333335,47,476.8005555555544,VER
2022-09-03T14:05:23Z,4823.596,22.183,11199,282,7,100,FALSE,8,car,0.3122806775396648,OnTrack,5380,3189,531,1316.4591666666668,47,476.10611111111007,VER
2022-09-03T14:05:23Z,4823.718,22.305,11234,283,7,100,FALSE,8,pos,0.3145535687571786,OnTrack,5457,3237,534,1326.0497222222223,47,475.1338888888879,VER
2022-09-03T14:05:23Z,4823.876,22.463,11270,284,7,100,FALSE,8,car,0.3175071829944027,OnTrack,5562,3302,539,1338.5141666666668,47,474.1616666666657,VER
2022-09-03T14:05:23Z,4823.938,22.525,11276,284,7,100,FALSE,8,pos,0.3186674383539509,OnTrack,5605,3328,542,1343.4052777777777,47,473.4801851851843,VER
2022-09-03T14:05:24Z,4824.178,22.765,11283,284,7,100,FALSE,8,pos,0.3231639542276059,OnTrack,5771,3419,552,1362.338611111111,47,472.79870370370287,VER
2022-09-03T14:05:24Z,4824.196,22.783,11290,285,7,100,FALSE,8,car,0.32350136430064125,OnTrack,5781,3424,552,1363.763611111111,47,472.11722222222147,VER
2022-09-03T14:05:24Z,4824.418,23.005,11309,285,7,100,FALSE,8,pos,0.32766068794832365,OnTrack,5935,3494,561,1381.3386111111108,47,471.38388888888824,VER
2022-09-03T14:05:24Z,4824.436,23.023,11328,285,7,100,FALSE,8,car,0.32799700028032014,OnTrack,5955,3501,562,1382.7636111111108,47,470.650555555555,VER
2022-09-03T14:05:24Z,4824.578,23.165,11322,284,7,100,FALSE,8,pos,0.3306466829172066,OnTrack,6144,3561,571,1393.965833333333,47,470.2283333333328,VER
2022-09-03T14:05:24Z,4824.596,23.183,11317,284,7,100,FALSE,8,car,0.33098357482588464,OnTrack,6162,3566,571,1395.385833333333,47,469.80611111111057,VER
2022-09-03T14:05:24Z,4824.756,23.343,11329,286,7,100,FALSE,8,car,0.33399118158655877,OnTrack,6250,3588,576,1408.0969444444443,47,468.96166666666613,VER
2022-09-03T14:05:24Z,4824.916,23.503,11332,286,7,100,FALSE,8,car,0.3369987883472329,OnTrack,6319,3593,579,1420.8080555555555,47,468.16166666666595,VER
2022-09-03T14:05:24Z,4824.918,23.505,11341,285,7,100,FALSE,8,pos,0.3370363265443274,OnTrack,6321,3594,580,1420.9663888888888,47,467.5690740740735,VER
2022-09-03T14:05:25Z,4825.118,23.705,11351,285,7,100,FALSE,8,pos,0.3407822700534421,OnTrack,6498,3613,587,1436.799722222222,47,466.976481481481,VER
2022-09-03T14:05:25Z,4825.316,23.903,11361,285,7,100,FALSE,8,car,0.3444915149800311,OnTrack,6632,3621,592,1452.474722222222,47,466.3838888888886,VER
2022-09-03T14:05:25Z,4825.458,24.045,11372,285,7,100,FALSE,8,pos,0.347162007350729,OnTrack,6747,3624,595,1463.716388888889,47,465.42333333333295,VER
2022-09-03T14:05:25Z,4825.658,24.245,11383,286,7,100,FALSE,8,pos,0.35093830748731103,OnTrack,6970,3628,598,1479.605277777778,47,464.4627777777773,VER
2022-09-03T14:05:25Z,4825.715,24.302,11394,287,7,100,FALSE,8,car,0.3520179588826769,OnTrack,7019,3628,598,1484.1494444444445,47,463.5022222222217,VER
2022-09-03T14:05:26Z,4826.038,24.625,11404,288,7,100,FALSE,8,pos,0.35815468134775846,OnTrack,7210,3628,599,1509.9894444444444,47,461.20222222222185,VER
2022-09-03T14:05:26Z,4826.075,24.662,11415,289,7,100,FALSE,8,car,0.35885605782018853,OnTrack,7242,3627,598,1512.9597222222221,47,458.902222222222,VER
2022-09-03T14:05:26Z,4826.235,24.822,11375,288,7,100,FALSE,8,car,0.36188469679597224,OnTrack,7413,3622,596,1525.759722222222,47,456.5911111111109,VER
2022-09-03T14:05:26Z,4826.318,24.905,11428,289,7,100,FALSE,8,pos,0.36346043446938736,OnTrack,7488,3620,595,1532.4227777777778,47,454.2577777777774,VER
2022-09-03T14:05:26Z,4826.515,25.102,11481,290,7,100,FALSE,8,car,0.36722162138003556,OnTrack,7596,3615,592,1548.292222222222,47,451.9244444444439,VER
2022-09-03T14:05:26Z,4826.578,25.165,11471,291,7,99,FALSE,8,pos,0.3684323088024678,OnTrack,7632,3613,592,1553.384722222222,47,450.5022222222217,VER
2022-09-03T14:05:26Z,4826.675,25.262,11461,292,7,98,FALSE,8,car,0.3702923247860385,OnTrack,7699,3607,590,1561.2525,47,449.0799999999995,VER
2022-09-03T14:05:26Z,4826.898,25.485,11360,288,7,74,FALSE,8,pos,0.3744745639486687,OnTrack,7885,3584,584,1579.0925,47,446.97999999999956,VER
2022-09-03T14:05:26Z,4826.915,25.502,11259,285,7,50,TRUE,8,car,0.3747879607657174,OnTrack,7898,3581,583,1580.4383333333333,47,444.87999999999965,VER
2022-09-03T14:05:27Z,4827.078,25.665,10965,277,7,62,TRUE,8,pos,0.37775389938576476,OnTrack,8018,3550,577,1592.9802777777777,47,440.84740740740716,VER
2022-09-03T14:05:28Z,4828.218,26.805,10672,269,7,74,TRUE,8,pos,0.3971502047915075,OnTrack,8624,3004,536,1678.163611111111,47,436.8148148148146,VER
2022-09-03T14:05:28Z,4828.276,26.863,10379,261,7,86,FALSE,8,car,0.3981350997765001,OnTrack,8640,2962,534,1682.368611111111,47,432.7822222222221,VER
2022-09-03T14:05:28Z,4828.436,27.023,10560,259,7,100,FALSE,8,car,0.40085877163319444,OnTrack,8677,2843,531,1693.8797222222222,47,431.6711111111106,VER
2022-09-03T14:05:28Z,4828.498,27.085,10526,258,7,100,FALSE,8,pos,0.40191223104208396,OnTrack,8688,2800,531,1698.3230555555556,47,430.97111111111053,VER
2022-09-03T14:05:28Z,4828.738,27.325,10492,258,7,100,FALSE,8,pos,0.40597900067727194,OnTrack,8704,2640,529,1715.5230555555554,47,430.2711111111105,VER
2022-09-03T14:05:28Z,4828.796,27.383,10459,258,7,100,FALSE,8,car,0.4069633720687585,OnTrack,8703,2595,529,1719.6797222222222,47,429.57111111111044,VER
2022-09-03T14:05:28Z,4828.938,27.525,10454,258,7,100,FALSE,8,pos,0.4093782038776528,OnTrack,8696,2472,531,1729.856388888889,47,428.2377777777772,VER
2022-09-03T14:05:29Z,4829.098,27.685,10449,258,7,100,FALSE,8,pos,0.4121040524542318,OnTrack,8671,2324,535,1741.3230555555556,47,426.9044444444439,VER
2022-09-03T14:05:29Z,4829.156,27.743,10445,259,7,100,FALSE,8,car,0.4130916337463208,OnTrack,8659,2280,536,1745.4958333333334,47,425.57111111111067,VER
2022-09-03T14:05:29Z,4829.278,27.865,10459,259,7,100,FALSE,8,pos,0.415167811793798,OnTrack,8629,2201,538,1754.2730555555556,47,423.00444444444383,VER
2022-09-03T14:05:29Z,4829.436,28.023,10473,259,7,100,FALSE,8,car,0.41785805949553595,OnTrack,8574,2089,541,1765.640277777778,47,420.437777777777,VER
2022-09-03T14:05:29Z,4829.559,28.146,10504,259,7,100,FALSE,8,pos,0.4199570792040722,OnTrack,8527,2004,545,1774.4894444444449,47,416.48222222222137,VER
2022-09-03T14:05:29Z,4829.756,28.343,10535,260,7,100,FALSE,8,car,0.4233264354240343,OnTrack,8451,1880,549,1788.7172222222225,47,412.52666666666573,VER
2022-09-03T14:05:29Z,4829.779,28.366,10587,260,7,100,FALSE,8,pos,0.4237202784259196,OnTrack,8442,1866,550,1790.3783333333336,47,410.2599999999991,VER
2022-09-03T14:05:29Z,4829.916,28.503,10640,261,7,100,FALSE,8,car,0.4260711394958383,OnTrack,8387,1781,551,1800.3108333333337,47,407.99333333333243,VER
2022-09-03T14:05:30Z,4829.998,28.585,10613,262,7,100,FALSE,8,pos,0.4274871171251688,OnTrack,8355,1731,552,1806.2786111111116,47,404.09333333333234,VER
2022-09-03T14:05:30Z,4830.156,28.743,10587,264,7,100,FALSE,8,car,0.43023551808754085,OnTrack,8295,1636,553,1817.8652777777781,47,400.19333333333225,VER
2022-09-03T14:05:30Z,4830.218,28.805,10637,265,7,100,FALSE,8,pos,0.43132088356200576,OnTrack,8273,1600,554,1822.429166666667,47,396.4599999999989,VER
2022-09-03T14:05:30Z,4830.438,29.025,10687,266,7,100,FALSE,8,pos,0.4351994431271101,OnTrack,8187,1462,555,1838.6847222222225,47,392.72666666666555,VER
2022-09-03T14:05:30Z,4830.476,29.063,10737,268,7,100,FALSE,8,car,0.4358721517369161,OnTrack,8168,1432,554,1841.5136111111115,47,388.9933333333322,VER
2022-09-03T14:05:30Z,4830.658,29.245,10742,268,7,100,FALSE,8,pos,0.4390929332489836,OnTrack,8072,1270,553,1855.0625000000005,47,385.04888888888775,VER
2022-09-03T14:05:30Z,4830.676,29.263,10747,269,7,100,FALSE,8,car,0.43940819290221916,OnTrack,8063,1254,552,1856.4075000000005,47,381.1044444444433,VER
2022-09-03T14:05:31Z,4831.798,30.385,10755,253,7,76,FALSE,8,pos,0.4573616477397779,OnTrack,7730,549,536,1935.2591666666672,47,351.9523611111101,VER
2022-09-03T14:05:32Z,4832.675,31.262,10763,238,6,53,FALSE,8,car,0.4706779701677749,OnTrack,7262,102,525,1993.2386111111116,47,322.80027777777696,VER
2022-09-03T14:05:32Z,4832.698,31.285,10726,237,6,57,FALSE,8,pos,0.471034335007183,OnTrack,7252,98,525,1994.7527777777782,47,319.83361111111026,VER
2022-09-03T14:05:32Z,4832.915,31.502,10689,236,6,62,FALSE,8,car,0.47440067224217564,OnTrack,7165,79,524,2008.9783333333337,47,316.86694444444356,VER
2022-09-03T14:05:33Z,4832.998,31.585,10689,234,6,76,FALSE,8,pos,0.4756763907876837,OnTrack,7125,76,524,2014.373333333334,47,314.58916666666585,VER
2022-09-03T14:05:33Z,4833.115,31.702,10689,233,6,91,FALSE,8,car,0.47746348856751253,OnTrack,7054,70,523,2021.945833333334,47,312.31138888888813,VER
2022-09-03T14:05:33Z,4833.278,31.865,10730,232,6,95,FALSE,8,pos,0.4799450263129055,OnTrack,6940,65,523,2032.4502777777782,47,310.33916666666585,VER
2022-09-03T14:05:33Z,4833.315,31.902,10771,232,6,100,FALSE,8,car,0.4805131597584058,OnTrack,6912,64,522,2034.8347222222228,47,308.36694444444356,VER
2022-09-03T14:05:33Z,4833.475,32.062,10890,236,6,100,FALSE,8,car,0.4829949611413396,OnTrack,6790,68,522,2045.3236111111114,47,305.34472222222166,VER
2022-09-03T14:05:33Z,4833.538,32.125,10898,236,6,100,FALSE,8,pos,0.48397130267221955,OnTrack,6741,73,523,2049.4536111111115,47,304.0336111111103,VER
2022-09-03T14:05:33Z,4833.635,32.222,10907,236,6,100,FALSE,8,car,0.4854767625242735,OnTrack,6662,81,523,2055.8125000000005,47,302.72249999999894,VER
2022-09-03T14:05:33Z,4833.795,32.382,10907,239,6,100,FALSE,8,car,0.4879901122298717,OnTrack,6528,103,523,2066.4347222222223,47,300.0558333333329,VER
2022-09-03T14:05:33Z,4833.958,32.545,10962,240,6,100,FALSE,8,pos,0.4905790068259358,OnTrack,6418,125,523,2077.301388888889,47,298.35583333333284,VER
2022-09-03T14:05:34Z,4834.035,32.622,11017,242,6,100,FALSE,8,car,0.4918074592722658,OnTrack,6378,133,523,2082.4775,47,296.6558333333328,VER
2022-09-03T14:05:34Z,4834.235,32.822,10986,244,6,100,FALSE,8,car,0.49501487207648126,OnTrack,6300,156,523,2096.0330555555556,47,294.1002777777767,VER
2022-09-03T14:05:34Z,4834.318,32.905,11096,246,6,100,FALSE,8,pos,0.496364139287152,OnTrack,6261,169,523,2101.7047222222222,47,292.3113888888879,VER
2022-09-03T14:05:34Z,4834.515,33.102,11207,249,6,100,FALSE,8,car,0.49959726594348725,OnTrack,6136,212,522,2115.3305555555553,47,290.5224999999991,VER
2022-09-03T14:05:34Z,4834.558,33.145,10998,247,6,50,FALSE,8,pos,0.5003028709581421,OnTrack,6105,226,523,2118.2808333333337,47,289.2224999999992,VER
2022-09-03T14:05:34Z,4834.755,33.342,10789,246,6,0,TRUE,8,car,0.5034777096312102,OnTrack,5950,302,523,2131.7425000000003,47,287.9224999999992,VER
2022-09-03T14:05:34Z,4834.798,33.385,10620,234,6,0,TRUE,8,pos,0.5041359589838689,OnTrack,5923,317,524,2134.5375000000004,47,287.14083333333247,VER
2022-09-03T14:05:34Z,4834.956,33.543,10452,223,6,0,TRUE,8,car,0.5064237314370165,OnTrack,5853,358,524,2144.3247222222226,47,286.3591666666657,VER
2022-09-03T14:05:35Z,4835.098,33.685,10608,210,6,0,TRUE,8,pos,0.5082808872045557,OnTrack,5800,400,524,2152.608055555556,47,285.7480555555547,VER
2022-09-03T14:05:35Z,4835.258,33.845,10764,197,6,0,TRUE,8,pos,0.510170781733792,OnTrack,5721,466,524,2161.3636111111114,47,285.1369444444437,VER
2022-09-03T14:05:35Z,4835.396,33.983,10920,184,6,0,TRUE,8,car,0.5117448818597474,OnTrack,5674,510,524,2168.4169444444447,47,284.5258333333327,VER
2022-09-03T14:05:35Z,4835.458,34.045,10371,176,6,0,TRUE,8,pos,0.5124413342713504,OnTrack,5656,530,525,2171.448055555556,47,284.2758333333327,VER
2022-09-03T14:05:35Z,4835.596,34.183,9822,168,5,0,TRUE,8,car,0.5139532644462564,OnTrack,5615,577,524,2177.888055555556,47,284.0258333333327,VER
2022-09-03T14:05:35Z,4835.698,34.285,9504,162,5,0,TRUE,8,pos,0.5150164348202481,OnTrack,5587,614,524,2182.478055555556,47,283.892499999999,VER
2022-09-03T14:05:35Z,4835.756,34.343,9187,157,4,0,TRUE,8,car,0.5156042933323608,OnTrack,5572,635,524,2185.0075000000006,47,283.75916666666535,VER
2022-09-03T14:05:35Z,4835.858,34.445,8749,152,4,0,TRUE,8,pos,0.5166140188830965,OnTrack,5551,672,524,2189.314166666667,47,283.65916666666567,VER
2022-09-03T14:05:36Z,4835.996,34.583,8312,148,4,0,TRUE,8,car,0.5179388692095274,OnTrack,5528,721,522,2194.9875,47,283.559166666666,VER
2022-09-03T14:05:36Z,4836.058,34.645,8178,144,4,0,TRUE,8,pos,0.5185222861978823,OnTrack,5521,744,522,2197.4675,47,283.53138888888816,VER
2022-09-03T14:05:36Z,4836.196,34.783,8045,141,4,0,TRUE,8,car,0.5197923331660617,OnTrack,5510,797,521,2202.8725,47,283.50361111111033,VER
2022-09-03T14:05:36Z,4836.299,34.886,7903,138,4,0,TRUE,8,pos,0.5207110215621,OnTrack,5509,837,522,2206.820833333333,47,283.3702777777771,VER
2022-09-03T14:05:36Z,4836.539,35.126,7761,135,4,0,TRUE,8,pos,0.5227720979241425,OnTrack,5528,920,521,2215.820833333333,47,283.2369444444439,VER
2022-09-03T14:05:36Z,4836.556,35.143,7619,132,4,0,FALSE,8,car,0.5229156171098386,OnTrack,5530,925,521,2216.4441666666667,47,283.1036111111107,VER
2022-09-03T14:05:36Z,4836.738,35.325,7505,129,4,0,FALSE,8,pos,0.5244361240045006,OnTrack,5560,979,522,2222.965833333333,47,282.93694444444395,VER
2022-09-03T14:05:36Z,4836.796,35.383,7391,127,4,0,FALSE,8,car,0.5249189355990289,OnTrack,5573,998,522,2225.0119444444445,47,282.7702777777772,VER
2022-09-03T14:05:37Z,4836.996,35.583,7341,126,4,0,FALSE,8,car,0.5265752225389105,OnTrack,5634,1072,522,2232.0119444444445,47,282.4369444444442,VER
2022-09-03T14:05:37Z,4837.038,35.625,7410,123,4,6,FALSE,8,pos,0.5269142735384079,OnTrack,5648,1087,522,2233.4469444444444,47,282.29805555555527,VER
2022-09-03T14:05:37Z,4837.196,35.783,7479,121,4,12,FALSE,8,car,0.5281657838065748,OnTrack,5699,1135,521,2238.7575,47,282.15916666666635,VER
2022-09-03T14:05:37Z,4837.436,36.023,7488,120,4,32,FALSE,8,car,0.5300586831664396,OnTrack,5767,1188,521,2246.7575,47,281.95916666666653,VER
2022-09-03T14:05:37Z,4837.458,36.045,7551,120,4,35,FALSE,8,pos,0.5302317709085594,OnTrack,5772,1192,522,2247.4908333333333,47,281.98694444444436,VER
2022-09-03T14:05:37Z,4837.636,36.223,7614,120,4,39,FALSE,8,car,0.5316360992996602,OnTrack,5800,1212,522,2253.4241666666667,47,282.0147222222222,VER
2022-09-03T14:05:37Z,4837.798,36.385,7666,122,4,44,FALSE,8,pos,0.5329452517045153,OnTrack,5828,1229,522,2258.9141666666665,47,282.0147222222222,VER
2022-09-03T14:05:37Z,4837.876,36.463,7719,124,4,49,FALSE,8,car,0.5335920953048539,OnTrack,5847,1240,521,2261.6008333333334,47,282.0147222222222,VER
2022-09-03T14:05:38Z,4838.058,36.645,8028,128,4,60,FALSE,8,pos,0.5351503449692603,OnTrack,5904,1272,522,2268.0719444444444,47,281.8147222222224,VER
2022-09-03T14:05:38Z,4838.236,36.823,8338,132,4,71,FALSE,8,car,0.5367153792486308,OnTrack,5962,1301,522,2274.598611111111,47,281.61472222222255,VER
2022-09-03T14:05:38Z,4838.298,36.885,8663,134,4,76,FALSE,8,pos,0.5372642905079812,OnTrack,5984,1311,523,2276.9063888888886,47,281.5591666666669,VER
2022-09-03T14:05:38Z,4838.436,37.023,8989,137,4,82,FALSE,8,car,0.5385162626673912,OnTrack,6032,1330,523,2282.1580555555556,47,281.50361111111124,VER
2022-09-03T14:05:38Z,4838.498,37.085,9297,142,4,85,FALSE,8,pos,0.5391091273316094,OnTrack,6060,1341,523,2284.603611111111,47,281.2813888888893,VER
2022-09-03T14:05:38Z,4838.596,37.183,9606,148,4,88,FALSE,8,car,0.5400726465855021,OnTrack,6114,1359,522,2288.6325,47,281.05916666666735,VER
2022-09-03T14:05:38Z,4838.698,37.285,9717,150,4,94,FALSE,8,pos,0.5410843283775754,OnTrack,6174,1379,523,2292.8825,47,280.80916666666735,VER
2022-09-03T14:05:38Z,4838.796,37.383,9829,152,4,100,FALSE,8,car,0.542070707020915,OnTrack,6220,1391,523,2297.020277777778,47,280.55916666666735,VER
2022-09-03T14:05:39Z,4839.018,37.605,10105,155,4,100,FALSE,8,pos,0.5443850922976922,OnTrack,6273,1404,523,2306.578611111111,47,280.35916666666753,VER
2022-09-03T14:05:39Z,4839.036,37.623,10381,159,4,100,FALSE,8,car,0.5445787986727358,OnTrack,6273,1404,522,2307.373611111111,47,280.1591666666677,VER
2022-09-03T14:05:39Z,4839.315,37.902,10345,170,4,100,FALSE,8,car,0.5476961673060132,OnTrack,6251,1399,522,2320.5486111111113,47,279.7716666666679,VER
2022-09-03T14:05:39Z,4839.318,37.905,10539,172,4,100,FALSE,8,pos,0.5477305977198064,OnTrack,6252,1400,523,2320.6919444444447,47,279.7161111111124,VER
2022-09-03T14:05:39Z,4839.438,38.025,10733,175,4,100,FALSE,8,pos,0.5491218790631214,OnTrack,6305,1409,523,2326.525277777778,47,279.66055555555687,VER
2022-09-03T14:05:39Z,4839.515,38.102,10927,178,4,100,FALSE,8,car,0.5500360012369572,OnTrack,6341,1415,522,2330.3325,47,279.6050000000014,VER
2022-09-03T14:05:39Z,4839.718,38.305,11193,183,4,100,FALSE,8,pos,0.5525369700355325,OnTrack,6444,1433,523,2340.6516666666666,47,279.37166666666803,VER
2022-09-03T14:05:39Z,4839.755,38.342,11460,188,4,100,FALSE,8,car,0.553001543567412,OnTrack,6468,1436,523,2342.583888888889,47,279.1383333333347,VER
2022-09-03T14:05:39Z,4839.938,38.525,11633,191,4,100,FALSE,8,pos,0.5553312312946879,OnTrack,6602,1456,523,2352.2930555555554,47,278.99944444444577,VER
2022-09-03T14:05:39Z,4839.955,38.542,11806,194,4,100,FALSE,8,car,0.5555516996494522,OnTrack,6612,1457,522,2353.2091666666665,47,278.86055555555686,VER
2022-09-03T14:05:40Z,4840.278,38.865,12170,199,4,100,FALSE,8,pos,0.5598805081245015,OnTrack,6745,1479,523,2371.063888888889,47,278.79944444444595,VER
2022-09-03T14:05:40Z,4840.395,38.982,12534,205,4,100,FALSE,8,car,0.5614801552834732,OnTrack,6809,1492,523,2377.726388888889,47,278.73833333333505,VER
2022-09-03T14:05:40Z,4840.438,39.025,12214,205,4,50,FALSE,8,pos,0.562069542599301,OnTrack,6835,1498,524,2380.1749999999997,47,278.8494444444459,VER
2022-09-03T14:05:40Z,4840.595,39.182,11894,206,4,1,TRUE,8,car,0.5641880529788355,OnTrack,6925,1520,524,2389.1588888888887,47,278.96055555555677,VER
2022-09-03T14:05:40Z,4840.678,39.265,11319,197,4,0,TRUE,8,pos,0.5652391535458695,OnTrack,6970,1533,525,2393.700833333333,47,280.55314814814955,VER
2022-09-03T14:05:40Z,4840.938,39.525,10744,188,4,0,TRUE,8,pos,0.568255267167581,OnTrack,7100,1575,526,2407.2786111111104,47,282.14574074074227,VER
2022-09-03T14:05:41Z,4840.995,39.582,10169,179,4,0,TRUE,8,car,0.5688940111096104,OnTrack,7134,1590,526,2410.1127777777774,47,283.73833333333505,VER
2022-09-03T14:05:41Z,4841.155,39.742,9929,168,4,0,TRUE,8,car,0.5706607171788176,OnTrack,7235,1638,526,2417.579444444444,47,286.40500000000156,VER
2022-09-03T14:05:41Z,4841.178,39.765,9546,165,4,0,TRUE,8,pos,0.57091119634569,OnTrack,7246,1644,527,2418.633611111111,47,287.98277777777935,VER
2022-09-03T14:05:41Z,4841.315,39.902,9164,163,4,0,TRUE,8,car,0.5723748427102507,OnTrack,7285,1667,527,2424.8366666666666,47,289.56055555555713,VER
2022-09-03T14:05:41Z,4841.478,40.065,8818,156,4,0,TRUE,8,pos,0.5740073147015988,OnTrack,7308,1687,527,2431.8999999999996,47,292.95597222222386,VER
2022-09-03T14:05:41Z,4841.596,40.183,8472,149,4,0,TRUE,8,car,0.5751267108803264,OnTrack,7332,1708,527,2436.7838888888887,47,296.3513888888906,VER
2022-09-03T14:05:41Z,4841.838,40.425,8388,142,4,0,TRUE,8,pos,0.5772946226658824,OnTrack,7397,1785,528,2446.329444444444,47,302.0013888888907,VER
2022-09-03T14:05:41Z,4841.956,40.543,8305,135,4,0,TRUE,8,car,0.5783209785500983,OnTrack,7427,1850,528,2450.7544444444443,47,307.6513888888908,VER
2022-09-03T14:05:42Z,4842.038,40.625,7947,132,4,0,TRUE,8,pos,0.5790301105161441,OnTrack,7444,1892,528,2453.761111111111,47,312.51250000000186,VER
2022-09-03T14:05:42Z,4842.236,40.823,7590,130,4,0,TRUE,8,car,0.5807133930188164,OnTrack,7461,1937,527,2460.911111111111,47,317.37361111111295,VER
2022-09-03T14:05:42Z,4842.438,41.025,7316,126,4,0,TRUE,8,pos,0.5823506302314281,OnTrack,7459,1989,528,2467.981111111111,47,325.04027777777947,VER
2022-09-03T14:05:42Z,4842.636,41.223,7042,122,4,1,FALSE,8,car,0.5839208058230319,OnTrack,7449,2103,528,2474.6911111111112,47,332.706944444446,VER
2022-09-03T14:05:42Z,4842.638,41.225,7016,121,4,8,FALSE,8,pos,0.5839367200777511,OnTrack,7449,2104,529,2474.7583333333337,47,336.7625000000014,VER
2022-09-03T14:05:42Z,4842.836,41.423,6990,121,4,16,FALSE,8,car,0.585511367090696,OnTrack,7440,2144,529,2481.413333333334,47,340.81805555555684,VER
2022-09-03T14:05:42Z,4842.939,41.526,7151,120,4,25,FALSE,8,pos,0.5863181029616441,OnTrack,7433,2161,529,2484.8466666666673,47,345.88472222222344,VER
2022-09-03T14:05:43Z,4843.139,41.726,7313,119,4,34,FALSE,8,pos,0.5878739742056912,OnTrack,7408,2222,529,2491.457777777778,47,350.95138888889005,VER
2022-09-03T14:05:43Z,4843.196,41.783,7475,119,4,44,FALSE,8,car,0.5883270548884949,OnTrack,7399,2239,529,2493.341944444445,47,356.01805555555666,VER
2022-09-03T14:05:43Z,4843.378,41.965,7756,122,4,49,FALSE,8,pos,0.5898089909099357,OnTrack,7370,2290,529,2499.5097222222225,47,364.46250000000146,VER
2022-09-03T14:05:43Z,4843.596,42.183,8038,125,4,55,FALSE,8,car,0.5916133384993713,OnTrack,7324,2347,528,2507.079166666667,47,372.90694444444625,VER
2022-09-03T14:05:43Z,4843.638,42.225,8337,126,4,65,FALSE,8,pos,0.5919585754606218,OnTrack,7313,2359,529,2508.549166666667,47,378.8180555555575,VER
2022-09-03T14:05:43Z,4843.876,42.463,8637,127,4,76,FALSE,8,car,0.5939505434034266,OnTrack,7230,2427,529,2516.9452777777783,47,384.7291666666688,VER
2022-09-03T14:05:43Z,4843.878,42.465,9228,136,4,73,FALSE,8,pos,0.5939682042477535,OnTrack,7230,2428,530,2517.020833333334,47,393.34583333333535,VER
2022-09-03T14:05:44Z,4844.316,42.903,9820,146,4,70,FALSE,8,car,0.5981727605866806,OnTrack,7065,2505,529,2534.7841666666673,47,401.9625000000019,VER
2022-09-03T14:05:44Z,4844.338,42.925,9656,148,4,79,FALSE,8,pos,0.5983890142883465,OnTrack,7056,2508,530,2535.6886111111116,47,408.0958333333351,VER
2022-09-03T14:05:44Z,4844.636,43.223,9492,151,4,88,FALSE,8,car,0.6013486250682316,OnTrack,6920,2539,530,2548.1880555555563,47,414.22916666666833,VER
2022-09-03T14:05:44Z,4844.678,43.265,9855,154,4,92,FALSE,8,pos,0.6017815766404436,OnTrack,6902,2543,531,2549.984722222223,47,417.57361111111277,VER
2022-09-03T14:05:44Z,4844.858,43.445,10219,158,4,96,FALSE,8,pos,0.603693289496152,OnTrack,6826,2555,532,2557.884722222223,47,420.9180555555572,VER
2022-09-03T14:05:44Z,4844.916,43.503,10583,162,4,100,FALSE,8,car,0.6043299415600187,OnTrack,6799,2558,532,2560.494722222223,47,424.26250000000164,VER
2022-09-03T14:05:45Z,4845.158,43.745,10839,168,4,100,FALSE,8,pos,0.6070985811243228,OnTrack,6679,2576,532,2571.788055555556,47,427.918055555557,VER
2022-09-03T14:05:45Z,4845.196,43.783,11096,175,4,100,FALSE,8,car,0.6075504994986776,OnTrack,6661,2578,531,2573.635277777779,47,431.5736111111123,VER
2022-09-03T14:05:45Z,4845.378,43.965,11475,181,4,100,FALSE,8,pos,0.6097794188782916,OnTrack,6575,2591,532,2582.7858333333343,47,433.09027777777897,VER
2022-09-03T14:05:45Z,4845.476,44.063,11855,188,4,100,FALSE,8,car,0.6110102988842083,OnTrack,6520,2597,531,2587.903611111112,47,434.6069444444456,VER
2022-09-03T14:05:45Z,4845.498,44.085,11980,190,4,100,FALSE,8,pos,0.6112886954386516,OnTrack,6507,2599,532,2589.064722222223,47,434.5476851851863,VER
2022-09-03T14:05:45Z,4845.778,44.365,12105,193,4,100,FALSE,8,pos,0.6148967936253821,OnTrack,6298,2623,533,2604.075833333334,47,434.488425925927,VER
2022-09-03T14:05:45Z,4845.796,44.383,12231,196,4,100,FALSE,8,car,0.6151326130456918,OnTrack,6287,2624,533,2605.055833333334,47,434.4291666666677,VER
2022-09-03T14:05:46Z,4845.995,44.582,11251,202,4,100,FALSE,14,car,0.617774653617492,OnTrack,6216,2630,532,2616.221944444445,47,432.99194444444583,VER
2022-09-03T14:05:46Z,4846.138,44.725,11172,205,4,100,FALSE,14,pos,0.6197268702967857,OnTrack,6161,2634,533,2624.3650000000007,47,431.19194444444565,VER
2022-09-03T14:05:46Z,4846.235,44.822,11093,209,5,100,FALSE,12,car,0.6210714533359232,OnTrack,6104,2637,533,2629.9963888888897,47,429.39194444444547,VER
2022-09-03T14:05:46Z,4846.338,44.925,11328,212,5,100,FALSE,12,pos,0.6225127994345803,OnTrack,6038,2640,534,2636.061944444445,47,426.47527777777896,VER
2022-09-03T14:05:46Z,4846.515,45.102,11563,216,5,100,FALSE,12,car,0.6250465419916392,OnTrack,5929,2641,534,2646.681944444445,47,423.55861111111244,VER
2022-09-03T14:05:46Z,4846.598,45.185,11500,222,5,100,FALSE,12,pos,0.6262747411148007,OnTrack,5879,2641,534,2651.800277777779,47,418.35861111111245,VER
2022-09-03T14:05:47Z,4846.998,45.585,11437,228,5,100,FALSE,12,pos,0.632465774437415,OnTrack,5629,2630,535,2677.133611111112,47,413.1586111111125,VER
2022-09-03T14:05:47Z,4847.035,45.622,11375,234,5,100,FALSE,12,car,0.6330440417870682,OnTrack,5605,2628,535,2679.5386111111115,47,407.95861111111253,VER
2022-09-03T14:05:47Z,4847.218,45.805,11226,236,5,100,FALSE,12,pos,0.6359095750414974,OnTrack,5485,2618,536,2691.535277777778,47,404.05861111111244,VER
2022-09-03T14:05:47Z,4847.275,45.862,11078,239,6,100,FALSE,12,car,0.6368140663454656,OnTrack,5447,2614,536,2695.319444444445,47,400.15861111111235,VER
2022-09-03T14:05:47Z,4847.438,46.025,11207,244,6,100,FALSE,12,pos,0.6394470539036189,OnTrack,5330,2601,537,2706.367222222222,47,392.6030555555569,VER
2022-09-03T14:05:47Z,4847.675,46.262,11337,249,6,100,FALSE,12,car,0.6433603432983314,OnTrack,5108,2567,537,2722.759722222222,47,385.0475000000015,VER
2022-09-03T14:05:47Z,4847.718,46.305,11422,252,6,100,FALSE,12,pos,0.6440747900963374,OnTrack,5076,2562,538,2725.769722222222,47,379.6419444444457,VER
2022-09-03T14:05:47Z,4847.955,46.542,11507,255,6,100,FALSE,12,car,0.648053156294663,OnTrack,4963,2540,538,2742.5572222222218,47,374.2363888888899,VER
2022-09-03T14:05:48Z,4848.038,46.625,11589,258,6,100,FALSE,12,pos,0.649476395233356,OnTrack,4922,2531,539,2748.505555555555,47,370.27222222222304,VER
2022-09-03T14:05:48Z,4848.156,46.743,11672,262,6,100,FALSE,12,car,0.6515144016449824,OnTrack,4844,2513,539,2757.093333333333,47,366.30805555555617,VER
2022-09-03T14:05:48Z,4848.318,46.905,11234,262,6,100,FALSE,12,pos,0.6543054654184944,OnTrack,4723,2484,540,2768.8833333333328,47,361.50805555555644,VER
2022-09-03T14:05:48Z,4848.396,46.983,10796,263,6,100,FALSE,12,car,0.6556630060753528,OnTrack,4667,2469,540,2774.5816666666656,47,356.7080555555567,VER
2022-09-03T14:05:48Z,4848.478,47.065,10773,266,6,100,FALSE,12,pos,0.6571071264282845,OnTrack,4609,2454,541,2780.6405555555543,47,353.3080555555566,VER
2022-09-03T14:05:48Z,4848.556,47.143,10750,269,7,100,FALSE,12,car,0.6584918390075952,OnTrack,4552,2438,541,2786.4688888888877,47,349.90805555555653,VER
2022-09-03T14:05:48Z,4848.756,47.343,10867,272,7,100,FALSE,12,car,0.6620673155762288,OnTrack,4406,2396,542,2801.579999999999,47,340.96361111111173,VER
2022-09-03T14:05:48Z,4848.798,47.385,10943,273,7,100,FALSE,12,pos,0.662821141102866,OnTrack,4377,2388,543,2804.7649999999985,47,337.2747222222231,VER
2022-09-03T14:05:48Z,4848.916,47.503,11019,274,7,100,FALSE,12,car,0.6649487290462451,OnTrack,4296,2363,544,2813.7461111111097,47,333.58583333333445,VER
2022-09-03T14:05:49Z,4849.018,47.605,11055,276,7,100,FALSE,12,pos,0.666810264805266,OnTrack,4217,2337,546,2821.5661111111094,47,326.21175925926036,VER
2022-09-03T14:05:49Z,4849.198,47.785,11092,278,7,100,FALSE,12,pos,0.6701436571217091,OnTrack,4042,2274,549,2835.4661111111095,47,318.8376851851863,VER
2022-09-03T14:05:49Z,4849.356,47.943,11129,281,7,100,FALSE,12,car,0.6730750511592204,OnTrack,3928,2231,550,2847.798888888887,47,311.4636111111122,VER
2022-09-03T14:05:49Z,4849.516,48.103,11266,282,7,100,FALSE,12,car,0.6760405934896754,OnTrack,3831,2194,551,2860.332222222221,47,303.19694444444485,VER
2022-09-03T14:05:49Z,4849.539,48.126,11315,283,7,100,FALSE,12,pos,0.6764692854787141,OnTrack,3816,2189,552,2862.140277777776,47,298.99694444444503,VER
2022-09-03T14:05:49Z,4849.676,48.263,11365,285,7,100,FALSE,12,car,0.6790376841427946,OnTrack,3711,2151,552,2872.9861111111095,47,294.7969444444452,VER
2022-09-03T14:05:49Z,4849.778,48.365,11392,286,7,100,FALSE,12,pos,0.6809612919647107,OnTrack,3636,2125,553,2881.089444444443,47,289.1969444444453,VER
2022-09-03T14:05:49Z,4849.938,48.525,11420,287,7,100,FALSE,12,pos,0.6839936960858868,OnTrack,3529,2092,552,2893.8449999999984,47,283.5969444444454,VER
2022-09-03T14:05:50Z,4849.996,48.583,11448,288,7,100,FALSE,12,car,0.6850949620943619,OnTrack,3483,2078,551,2898.4849999999983,47,277.9969444444455,VER
2022-09-03T14:05:50Z,4850.098,48.685,11497,289,7,100,FALSE,12,pos,0.6870337931996059,OnTrack,3398,2053,551,2906.673333333332,47,270.72472222222336,VER
2022-09-03T14:05:50Z,4850.276,48.863,11546,291,7,100,FALSE,12,car,0.6904502898666461,OnTrack,3253,2008,548,2921.061666666665,47,263.45250000000124,VER
2022-09-03T14:05:50Z,4850.618,49.205,11385,292,7,50,FALSE,12,pos,0.6970829020977177,OnTrack,2998,1921,542,2948.801666666665,47,254.45250000000124,VER
2022-09-03T14:05:50Z,4850.636,49.223,11224,294,7,0,FALSE,12,car,0.6974066950141494,OnTrack,2985,1916,541,2950.271666666665,47,245.45250000000124,VER
2022-09-03T14:05:50Z,4850.798,49.385,10896,275,7,0,FALSE,12,pos,0.7001508724201503,OnTrack,2873,1873,538,2962.646666666665,47,240.93027777777903,VER
2022-09-03T14:05:51Z,4850.998,49.585,10569,256,7,0,FALSE,12,pos,0.7031761107266222,OnTrack,2734,1816,535,2976.868888888888,47,236.40805555555684,VER
2022-09-03T14:05:51Z,4851.076,49.663,10242,238,7,0,TRUE,8,car,0.704289487408769,OnTrack,2686,1795,533,2982.025555555554,47,231.88583333333463,VER
2022-09-03T14:05:51Z,4851.178,49.765,10471,218,7,0,TRUE,8,pos,0.7056924246356181,OnTrack,2629,1771,532,2988.202222222221,47,229.17472222222364,VER
2022-09-03T14:05:51Z,4851.396,49.983,10700,199,7,0,TRUE,8,car,0.7084748982155812,OnTrack,2517,1719,528,3000.2527777777764,47,226.46361111111264,VER
2022-09-03T14:05:51Z,4851.438,50.025,10634,189,7,0,TRUE,8,pos,0.708973604321733,OnTrack,2498,1710,528,3002.4577777777763,47,226.1969444444459,VER
2022-09-03T14:05:51Z,4851.538,50.125,10568,179,7,0,TRUE,8,pos,0.7101119366464984,OnTrack,2451,1688,527,3007.4299999999985,47,225.9302777777792,VER
2022-09-03T14:05:51Z,4851.716,50.303,10503,169,5,0,TRUE,8,car,0.7120293425691051,OnTrack,2345,1634,524,3015.7861111111097,47,225.66361111111246,VER
2022-09-03T14:05:51Z,4851.818,50.405,10783,163,5,0,TRUE,8,pos,0.713098284482276,OnTrack,2293,1608,523,3020.404444444443,47,225.96916666666812,VER
2022-09-03T14:05:51Z,4851.916,50.503,11063,157,4,0,TRUE,8,car,0.7140931286767355,OnTrack,2258,1590,522,3024.678333333332,47,226.27472222222377,VER
2022-09-03T14:05:52Z,4852.116,50.703,9858,145,3,0,TRUE,8,car,0.7159991731710439,OnTrack,2223,1576,522,3032.7338888888876,47,227.9969444444455,VER
2022-09-03T14:05:52Z,4852.218,50.805,9648,140,3,0,TRUE,8,pos,0.7169251756653542,OnTrack,2202,1569,522,3036.7005555555543,47,229.30250000000137,VER
2022-09-03T14:05:52Z,4852.316,50.903,9438,136,3,0,TRUE,8,car,0.7177869114553606,OnTrack,2174,1560,521,3040.4027777777765,47,230.60805555555726,VER
2022-09-03T14:05:52Z,4852.498,51.085,9151,131,3,0,TRUE,8,pos,0.7193147220880428,OnTrack,2112,1546,521,3047.025555555554,47,232.73250000000144,VER
2022-09-03T14:05:52Z,4852.555,51.142,8865,127,3,0,TRUE,8,car,0.7197818827841792,OnTrack,2091,1545,521,3049.0363888888874,47,234.85694444444562,VER
2022-09-03T14:05:52Z,4852.558,51.145,8851,125,3,3,TRUE,8,pos,0.7198063798456756,OnTrack,2090,1545,521,3049.140555555554,47,237.62361111111235,VER
2022-09-03T14:05:52Z,4852.838,51.425,8837,123,3,6,TRUE,8,pos,0.7220488867568813,OnTrack,2006,1563,520,3058.7072222222205,47,240.39027777777906,VER
2022-09-03T14:05:52Z,4852.915,51.502,8823,121,3,10,FALSE,8,car,0.7226448930659748,OnTrack,1986,1572,519,3061.2952777777764,47,243.1569444444458,VER
2022-09-03T14:05:53Z,4853.075,51.662,8532,115,3,18,FALSE,8,car,0.7238542454347773,OnTrack,1946,1600,520,3066.4063888888872,47,247.2458333333352,VER
2022-09-03T14:05:53Z,4853.158,51.745,8709,114,3,29,FALSE,8,pos,0.7244739127766063,OnTrack,1919,1624,520,3069.0347222222204,47,250.5458333333354,VER
2022-09-03T14:05:53Z,4853.315,51.902,8887,114,3,41,FALSE,8,car,0.7256524998266488,OnTrack,1854,1684,519,3074.006388888887,47,253.84583333333558,VER
2022-09-03T14:05:53Z,4853.358,51.945,8832,116,3,31,FALSE,8,pos,0.7259826706917024,OnTrack,1838,1699,519,3075.3919444444427,47,258.51250000000226,VER
2022-09-03T14:05:53Z,4853.718,52.305,8777,118,3,21,FALSE,8,pos,0.7288515926587678,OnTrack,1750,1755,514,3087.191944444443,47,263.1791666666689,VER
2022-09-03T14:05:53Z,4853.795,52.382,8723,121,3,12,FALSE,8,car,0.7294698468690428,OnTrack,1734,1761,513,3089.7799999999984,47,267.8458333333356,VER
2022-09-03T14:05:54Z,4854.035,52.622,8550,121,3,0,TRUE,8,car,0.7313785203902398,OnTrack,1682,1780,511,3097.846666666665,47,275.24583333333567,VER
2022-09-03T14:05:54Z,4854.058,52.645,8394,118,3,0,TRUE,8,pos,0.7315576323066952,OnTrack,1676,1782,511,3098.600555555554,47,278.5791666666689,VER
2022-09-03T14:05:54Z,4854.235,52.822,8238,116,3,0,TRUE,8,car,0.7329033559856865,OnTrack,1621,1791,509,3104.3038888888873,47,281.9125000000022,VER
2022-09-03T14:05:54Z,4854.358,52.945,7753,112,3,0,TRUE,8,pos,0.7337932434456848,OnTrack,1582,1795,508,3108.1305555555537,47,287.0847222222246,VER
2022-09-03T14:05:54Z,4854.515,53.102,7269,108,3,0,TRUE,8,car,0.7348909003135444,OnTrack,1533,1794,507,3112.8405555555537,47,292.2569444444471,VER
2022-09-03T14:05:54Z,4854.518,53.105,7240,106,3,0,TRUE,8,pos,0.7349116995990924,OnTrack,1533,1794,507,3112.928888888887,47,296.08152777778037,VER
2022-09-03T14:05:54Z,4854.716,53.303,7211,105,3,0,FALSE,8,car,0.7362780406256954,OnTrack,1475,1785,506,3118.703888888887,47,299.90611111111366,VER
2022-09-03T14:05:54Z,4854.798,53.385,7123,105,3,0,FALSE,8,pos,0.7368503312940475,OnTrack,1453,1780,507,3121.095555555554,47,303.35055555555823,VER
2022-09-03T14:05:54Z,4854.916,53.503,7035,105,3,0,FALSE,8,car,0.7376582797422635,OnTrack,1422,1769,507,3124.5372222222204,47,306.7950000000028,VER
2022-09-03T14:05:55Z,4855.018,53.605,7082,99,3,13,FALSE,8,pos,0.7383098271887398,OnTrack,1396,1758,508,3127.3422222222202,47,311.86166666666963,VER
2022-09-03T14:05:55Z,4855.236,53.823,7129,94,3,26,FALSE,8,car,0.7396353079625667,OnTrack,1335,1722,507,3133.0344444444427,47,316.92833333333647,VER
2022-09-03T14:05:55Z,4855.238,53.825,7335,96,3,30,FALSE,8,pos,0.739647826304577,OnTrack,1335,1722,508,3133.087777777776,47,320.96166666666977,VER
2022-09-03T14:05:55Z,4855.618,54.205,7541,98,3,34,FALSE,8,pos,0.7421589757633326,OnTrack,1270,1658,510,3143.4322222222204,47,324.9950000000031,VER
2022-09-03T14:05:55Z,4855.676,54.263,7747,101,3,39,FALSE,8,car,0.7425561568359137,OnTrack,1257,1634,510,3145.0594444444428,47,329.0283333333364,VER
2022-09-03T14:05:55Z,4855.838,54.425,7946,103,3,48,FALSE,8,pos,0.7436775942196258,OnTrack,1221,1562,512,3149.6944444444425,47,332.25611111111425,VER
2022-09-03T14:05:55Z,4855.956,54.543,8145,105,3,57,FALSE,8,car,0.744488491599109,OnTrack,1208,1529,512,3153.136111111109,47,335.4838888888921,VER
2022-09-03T14:05:56Z,4856.219,54.806,8668,105,3,65,FALSE,8,pos,0.7462608654372559,OnTrack,1207,1491,514,3160.8069444444423,47,339.43388888889217,VER
2022-09-03T14:05:56Z,4856.316,54.903,9192,105,3,74,FALSE,8,car,0.7469729220089315,OnTrack,1206,1468,514,3163.636111111109,47,343.3838888888922,VER
2022-09-03T14:05:56Z,4856.518,55.105,9588,117,3,74,FALSE,8,pos,0.74862672322127,OnTrack,1208,1392,514,3170.201111111109,47,346.2338888888921,VER
2022-09-03T14:05:56Z,4856.676,55.263,9985,129,3,74,FALSE,8,car,0.7500252222267136,OnTrack,1222,1289,513,3175.862777777776,47,349.08388888889203,VER
2022-09-03T14:05:56Z,4856.738,55.325,10831,136,3,87,FALSE,8,pos,0.7505881966004866,OnTrack,1228,1254,513,3178.2049999999986,47,352.0283333333364,VER
2022-09-03T14:05:57Z,4857.076,55.663,11677,144,3,100,FALSE,8,car,0.7538110209464433,OnTrack,1242,1164,512,3191.7249999999985,47,354.9727777777807,VER
2022-09-03T14:05:57Z,4857.118,55.705,11764,148,3,100,FALSE,8,pos,0.7542325088367431,OnTrack,1245,1152,512,3193.4516666666655,47,356.2431481481511,VER
2022-09-03T14:05:57Z,4857.338,55.925,11851,152,3,100,FALSE,8,pos,0.7565101866647032,OnTrack,1260,1064,512,3202.7405555555542,47,357.5135185185215,VER
2022-09-03T14:05:57Z,4857.356,55.943,11939,157,3,100,FALSE,8,car,0.7567003214971258,OnTrack,1261,1056,512,3203.525555555554,47,358.78388888889185,VER
2022-09-03T14:05:57Z,4857.516,56.103,11519,162,3,100,FALSE,8,car,0.7584039309210042,OnTrack,1273,986,512,3210.7255555555544,47,360.9172222222246,VER
2022-09-03T14:05:57Z,4857.558,56.145,11227,162,3,100,FALSE,8,pos,0.7588486612442963,OnTrack,1277,967,513,3212.6155555555542,47,361.9172222222246,VER
2022-09-03T14:05:57Z,4857.638,56.225,10935,162,3,100,FALSE,8,pos,0.7596917830876663,OnTrack,1284,930,513,3216.215555555554,47,362.9172222222246,VER
2022-09-03T14:05:57Z,4857.716,56.303,10644,162,4,100,FALSE,8,car,0.7605334427008521,OnTrack,1290,893,512,3219.725555555554,47,363.9172222222246,VER
2022-09-03T14:05:57Z,4857.916,56.503,11218,174,4,100,FALSE,8,car,0.7628206960940221,OnTrack,1306,797,512,3229.392222222221,47,366.6394444444468,VER
2022-09-03T14:05:57Z,4857.918,56.505,11371,178,4,100,FALSE,8,pos,0.7628444457675827,OnTrack,1307,796,513,3229.49111111111,47,367.6394444444468,VER
2022-09-03T14:05:58Z,4858.098,56.685,11524,183,4,100,FALSE,8,pos,0.7650512065788604,OnTrack,1324,701,513,3238.64111111111,47,368.6394444444468,VER
2022-09-03T14:05:58Z,4858.258,56.845,11677,187,4,100,FALSE,8,pos,0.7671081651136124,OnTrack,1338,618,513,3246.9522222222213,47,369.6394444444468,VER
2022-09-03T14:05:58Z,4858.316,56.903,11831,192,4,100,FALSE,8,car,0.7678684277203283,OnTrack,1343,587,512,3250.0455555555545,47,370.6394444444468,VER
2022-09-03T14:05:58Z,4858.578,57.165,11229,199,4,100,FALSE,8,pos,0.7713976721854159,OnTrack,1369,445,513,3264.5283333333323,47,372.71722222222434,VER
2022-09-03T14:05:58Z,4858.756,57.343,10628,207,4,100,FALSE,8,car,0.7738547219459008,OnTrack,1384,351,513,3274.7633333333324,47,374.7950000000019,VER
2022-09-03T14:05:58Z,4858.758,57.345,10762,209,4,100,FALSE,8,pos,0.7738824986328344,OnTrack,1385,350,513,3274.8794444444434,47,375.4061111111132,VER
2022-09-03T14:05:58Z,4858.938,57.525,10896,211,4,100,FALSE,8,pos,0.7764003146832985,OnTrack,1403,246,513,3285.4294444444436,47,376.0172222222245,VER
2022-09-03T14:05:58Z,4858.956,57.543,11031,213,5,100,FALSE,8,car,0.7766546355823675,OnTrack,1405,233,513,3286.4944444444436,47,376.62833333333583,VER
2022-09-03T14:05:59Z,4859.236,57.823,11351,219,5,100,FALSE,8,car,0.7806849338027463,OnTrack,1442,19,513,3303.527777777777,47,379.19500000000244,VER
2022-09-03T14:05:59Z,4859.258,57.845,11496,222,5,100,FALSE,8,pos,0.7810088710585757,OnTrack,1445,7,513,3304.8844444444435,47,380.3331481481503,VER
2022-09-03T14:05:59Z,4859.518,58.105,11641,226,5,100,FALSE,8,pos,0.7849204351934097,OnTrack,1464,-103,512,3321.2066666666656,47,381.47129629629825,VER
2022-09-03T14:05:59Z,4859.675,58.262,11787,230,5,100,FALSE,8,car,0.7873212549265501,OnTrack,1480,-198,511,3331.237222222221,47,382.6094444444461,VER
2022-09-03T14:05:59Z,4859.738,58.325,11637,231,5,100,FALSE,8,pos,0.7882882649961921,OnTrack,1488,-241,512,3335.279722222221,47,383.5761111111128,VER
2022-09-03T14:05:59Z,4859.918,58.505,11487,233,5,100,FALSE,8,pos,0.7910633983841644,OnTrack,1509,-362,512,3346.9297222222212,47,384.5427777777795,VER
2022-09-03T14:06:00Z,4860.035,58.622,11338,235,6,100,FALSE,8,car,0.792881646796153,OnTrack,1522,-435,511,3354.567222222221,47,385.5094444444462,VER
2022-09-03T14:06:00Z,4860.195,58.782,10822,239,6,100,FALSE,8,car,0.7953949965017513,OnTrack,1539,-535,511,3365.189444444443,47,386.7094444444474,VER
2022-09-03T14:06:00Z,4860.198,58.785,10611,240,6,66,FALSE,8,pos,0.7954427050257571,OnTrack,1540,-537,512,3365.3894444444427,47,387.53907407407695,VER
2022-09-03T14:06:00Z,4860.418,59.005,10400,241,6,33,FALSE,8,pos,0.7989889330924053,OnTrack,1565,-682,512,3380.117222222221,47,388.36870370370644,VER
2022-09-03T14:06:00Z,4860.515,59.102,10190,242,6,0,TRUE,8,car,0.8004847925582766,OnTrack,1575,-745,511,3386.637777777776,47,389.198333333336,VER
2022-09-03T14:06:00Z,4860.598,59.185,10040,229,6,0,TRUE,8,pos,0.8017022354590655,OnTrack,1584,-800,512,3391.9174999999987,47,391.031666666669,VER
2022-09-03T14:06:00Z,4860.755,59.342,9890,216,6,0,TRUE,8,car,0.8038920114060333,OnTrack,1597,-903,512,3401.3374999999983,47,392.86500000000206,VER
2022-09-03T14:06:00Z,4860.818,59.405,9949,212,6,1,TRUE,8,pos,0.8047539264037736,OnTrack,1601,-941,512,3405.0474999999983,47,395.2983333333353,VER
2022-09-03T14:06:01Z,4860.998,59.585,10008,208,6,2,TRUE,8,pos,0.8071711418183528,OnTrack,1604,-1036,512,3415.4474999999984,47,397.73166666666856,VER
2022-09-03T14:06:01Z,4861.115,59.702,10068,204,5,3,FALSE,8,car,0.8087189047736886,OnTrack,1599,-1097,512,3422.077499999998,47,400.1650000000018,VER
2022-09-03T14:06:01Z,4861.516,60.103,9927,197,5,40,FALSE,8,car,0.8139110357018567,OnTrack,1540,-1304,512,3444.0211111111093,47,409.6330555555578,VER
2022-09-03T14:06:01Z,4861.558,60.145,9915,195,5,44,FALSE,8,pos,0.8144441759786145,OnTrack,1530,-1324,513,3446.2961111111094,47,411.33675925926156,VER
2022-09-03T14:06:01Z,4861.598,60.185,9904,193,5,48,FALSE,8,pos,0.814950008530297,OnTrack,1519,-1342,513,3448.440555555554,47,413.04046296296536,VER
2022-09-03T14:06:01Z,4861.716,60.303,9893,192,5,53,FALSE,8,car,0.8164349015150097,OnTrack,1489,-1390,513,3454.733888888887,47,414.7441666666691,VER
2022-09-03T14:06:01Z,4861.878,60.465,9961,191,5,64,FALSE,8,pos,0.8184663657099067,OnTrack,1428,-1457,515,3463.3288888888874,47,417.35527777777975,VER
2022-09-03T14:06:01Z,4861.916,60.503,10030,191,5,75,FALSE,8,car,0.8189456221937194,OnTrack,1404,-1474,515,3465.3449999999984,47,419.9663888888904,VER
2022-09-03T14:06:02Z,4862.098,60.685,10286,193,5,85,FALSE,8,pos,0.8212658889464449,OnTrack,1270,-1560,518,3475.102222222221,47,424.51638888889033,VER
2022-09-03T14:06:02Z,4862.276,60.863,10543,196,5,95,FALSE,8,car,0.8235832256253882,OnTrack,1198,-1595,518,3484.7933333333317,47,429.0663888888903,VER
2022-09-03T14:06:02Z,4862.499,61.086,10706,199,5,96,FALSE,8,pos,0.826564705173042,OnTrack,1119,-1599,518,3497.120277777776,47,433.25527777777944,VER
2022-09-03T14:06:02Z,4862.779,61.366,10869,203,5,98,FALSE,8,pos,0.8304203642332877,OnTrack,907,-1605,521,3512.909166666665,47,437.44416666666865,VER
2022-09-03T14:06:02Z,4862.796,61.383,11032,207,5,100,FALSE,8,car,0.8306579369828829,OnTrack,897,-1605,521,3513.886666666665,47,441.6330555555578,VER
2022-09-03T14:06:03Z,4863.058,61.645,11113,211,5,100,FALSE,8,pos,0.8343733382308063,OnTrack,792,-1600,521,3529.242777777776,47,444.8608333333357,VER
2022-09-03T14:06:03Z,4863.076,61.663,11194,216,5,100,FALSE,8,car,0.834633025638599,OnTrack,783,-1599,521,3530.3227777777756,47,448.08861111111355,VER
2022-09-03T14:06:03Z,4863.276,61.863,11414,222,5,100,FALSE,8,car,0.8375512454850573,OnTrack,661,-1593,523,3542.656111111109,47,452.42194444444567,VER
2022-09-03T14:06:03Z,4863.338,61.925,11527,223,5,100,FALSE,8,pos,0.8384600576741408,OnTrack,621,-1591,524,3546.4966666666646,47,454.5608333333346,VER
2022-09-03T14:06:03Z,4863.476,62.063,11641,224,5,100,FALSE,8,car,0.8404957556004027,OnTrack,534,-1586,526,3555.0833333333317,47,456.6997222222235,VER
2022-09-03T14:06:03Z,4863.618,62.205,11260,226,5,100,FALSE,8,pos,0.8426335120233119,OnTrack,446,-1580,528,3563.997777777776,47,458.5663888888901,VER
2022-09-03T14:06:03Z,4863.658,62.245,10880,228,5,100,FALSE,8,pos,0.8432431885438543,OnTrack,421,-1578,528,3566.531111111109,47,460.4330555555568,VER
2022-09-03T14:06:03Z,4863.756,62.343,10500,231,5,100,FALSE,14,car,0.8447468920794324,OnTrack,358,-1571,528,3572.819444444443,47,462.2997222222234,VER
2022-09-03T14:06:03Z,4863.938,62.525,10686,234,5,100,FALSE,14,pos,0.8475760684830785,OnTrack,242,-1555,530,3584.6494444444425,47,464.56638888889006,VER
2022-09-03T14:06:04Z,4863.996,62.583,10873,237,6,100,FALSE,14,car,0.8484853683151653,OnTrack,205,-1548,530,3588.4677777777756,47,466.8330555555567,VER
2022-09-03T14:06:04Z,4864.198,62.785,10968,239,6,100,FALSE,14,pos,0.851679237408061,OnTrack,73,-1518,534,3601.878333333331,47,469.0663888888905,VER
2022-09-03T14:06:04Z,4864.236,62.823,11064,241,6,100,FALSE,12,car,0.8522869411962272,OnTrack,46,-1510,534,3604.42222222222,47,471.2997222222243,VER
2022-09-03T14:06:04Z,4864.396,62.983,11207,246,6,100,FALSE,12,car,0.8548739036547089,OnTrack,-73,-1471,537,3615.355555555553,47,474.14416666666875,VER
2022-09-03T14:06:04Z,4864.478,63.065,11328,249,6,100,FALSE,12,pos,0.856218214234667,OnTrack,-128,-1452,539,3621.0272222222197,47,476.43861111111323,VER
2022-09-03T14:06:04Z,4864.676,63.263,11449,252,6,100,FALSE,12,car,0.8595115070863778,OnTrack,-232,-1413,542,3634.88722222222,47,478.7330555555577,VER
2022-09-03T14:06:04Z,4864.858,63.445,11521,255,6,100,FALSE,12,pos,0.8625868030523879,OnTrack,-345,-1354,547,3647.7788888888867,47,480.8330555555576,VER
2022-09-03T14:06:04Z,4864.956,63.543,11593,258,6,100,FALSE,12,car,0.864259529647372,OnTrack,-432,-1299,550,3654.80222222222,47,482.93305555555753,VER
2022-09-03T14:06:05Z,4865.058,63.645,11276,260,6,100,FALSE,12,pos,0.8660120465192491,OnTrack,-525,-1236,555,3662.1688888888866,47,484.3775000000019,VER
2022-09-03T14:06:05Z,4865.156,63.743,10959,262,6,100,FALSE,12,car,0.8677035548715705,OnTrack,-598,-1177,558,3669.3011111111086,47,485.8219444444462,VER
2022-09-03T14:06:05Z,4865.396,63.983,10669,264,6,100,FALSE,12,car,0.871867933463273,OnTrack,-721,-1049,564,3686.901111111108,47,489.22194444444676,VER
2022-09-03T14:06:05Z,4865.498,64.085,10725,265,6,100,FALSE,12,pos,0.8736524646506685,OnTrack,-756,-1010,566,3694.4094444444413,47,490.5552777777798,VER
2022-09-03T14:06:05Z,4865.596,64.183,10781,267,7,100,FALSE,12,car,0.8753776843596891,OnTrack,-781,-981,567,3701.6777777777756,47,491.8886111111128,VER
2022-09-03T14:06:05Z,4865.778,64.365,10836,269,7,100,FALSE,12,pos,0.8786131222399913,OnTrack,-830,-907,569,3715.2772222222193,47,493.9775000000018,VER
2022-09-03T14:06:05Z,4865.916,64.503,10892,271,7,100,FALSE,12,car,0.8810774146543932,OnTrack,-898,-774,572,3725.665555555553,47,496.06638888889074,VER
2022-09-03T14:06:06Z,4866.058,64.645,10926,271,7,100,FALSE,12,pos,0.8836126823837853,OnTrack,-967,-631,576,3736.3549999999973,47,497.3377777777796,VER
2022-09-03T14:06:06Z,4866.115,64.702,10960,272,7,100,FALSE,12,car,0.8846350138401834,OnTrack,-984,-590,577,3740.661666666664,47,498.60916666666844,VER
2022-09-03T14:06:06Z,4866.275,64.862,10994,275,7,100,FALSE,12,car,0.8875269434177546,OnTrack,-1004,-524,578,3752.8838888888863,16,1156.933055555558,VER
2022-09-03T14:06:06Z,4866.438,65.025,11040,276,7,100,FALSE,12,pos,0.8905039071535003,OnTrack,-1010,-449,578,3765.3805555555537,16,1152.0071296296317,VER
2022-09-03T14:06:06Z,4866.618,65.205,11086,277,7,100,FALSE,12,pos,0.8938140982707269,OnTrack,-1015,-310,575,3779.230555555553,16,1147.0812037037056,VER
2022-09-03T14:06:06Z,4866.675,65.262,11132,279,7,100,FALSE,12,car,0.8948619284372309,OnTrack,-1012,-260,573,3783.648055555553,16,1142.1552777777792,VER
2022-09-03T14:06:06Z,4866.835,65.422,11182,280,7,100,FALSE,12,car,0.8978064385525761,OnTrack,-989,-112,570,3796.0924999999975,16,1136.2441666666678,VER
2022-09-03T14:06:06Z,4866.958,65.545,11235,282,7,100,FALSE,12,pos,0.9000913966535894,OnTrack,-968,-14,568,3805.7274999999977,16,1130.4219444444454,VER
2022-09-03T14:06:07Z,4867.155,65.742,11288,284,7,100,FALSE,12,car,0.9037795876437053,OnTrack,-928,106,564,3821.268611111109,16,1124.5997222222231,VER
2022-09-03T14:06:07Z,4867.178,65.765,11350,284,7,100,FALSE,12,pos,0.9042105886811626,OnTrack,-922,121,564,3823.083055555553,16,1120.2330555555566,VER
2022-09-03T14:06:07Z,4867.418,66.005,11412,285,7,100,FALSE,12,pos,0.9087146068661304,OnTrack,-841,298,559,3842.0830555555526,16,1115.8663888888898,VER
2022-09-03T14:06:07Z,4867.515,66.102,11474,286,7,100,FALSE,12,car,0.910546702855222,OnTrack,-805,382,557,3849.789166666664,16,1111.4997222222232,VER
2022-09-03T14:06:07Z,4867.738,66.325,11529,288,7,100,FALSE,12,pos,0.9147924224514162,OnTrack,-729,585,557,3867.629166666664,16,1105.9577777777788,VER
2022-09-03T14:06:07Z,4867.796,66.383,11585,290,7,100,FALSE,12,car,0.9159026878842282,OnTrack,-711,631,556,3872.3013888888854,16,1100.4158333333344,VER
2022-09-03T14:06:07Z,4867.938,66.525,11585,291,7,100,FALSE,12,pos,0.918627986255981,OnTrack,-671,736,555,3883.77972222222,16,1097.1269444444454,VER
2022-09-03T14:06:07Z,4867.956,66.543,11585,292,7,100,FALSE,12,car,0.9189733912902313,OnTrack,-666,748,554,3885.23972222222,16,1093.8380555555564,VER
2022-09-03T14:06:08Z,4868.116,66.703,10539,292,7,100,FALSE,12,car,0.9220440946962342,OnTrack,-621,862,553,3898.2174999999975,16,1087.1713888888899,VER
2022-09-03T14:06:08Z,4868.178,66.765,10580,293,7,100,FALSE,12,pos,0.9232402733250217,OnTrack,-600,918,552,3903.2636111111083,16,1082.8380555555566,VER
2022-09-03T14:06:08Z,4868.316,66.903,10622,295,8,100,FALSE,12,car,0.9259219093570684,OnTrack,-541,1070,548,3914.571944444442,16,1078.5047222222233,VER
2022-09-03T14:06:08Z,4868.378,66.965,10669,297,8,100,FALSE,12,pos,0.9271374039924442,OnTrack,-517,1133,547,3919.686944444442,16,1073.0380555555569,VER
2022-09-03T14:06:08Z,4868.556,67.143,10716,300,8,100,FALSE,12,car,0.9306541577567303,OnTrack,-471,1248,545,3934.520277777775,16,1067.5713888888904,VER
2022-09-03T14:06:08Z,4868.718,67.305,10802,301,8,100,FALSE,12,pos,0.9338655609278416,OnTrack,-438,1335,544,3948.0652777777755,16,1060.960277777779,VER
2022-09-03T14:06:08Z,4868.836,67.423,10888,302,8,100,FALSE,12,car,0.9362119205994446,OnTrack,-404,1421,542,3957.964166666664,16,1054.3491666666678,VER
2022-09-03T14:06:08Z,4868.898,67.485,10885,303,8,100,FALSE,12,pos,0.9374477134897717,OnTrack,-384,1476,542,3963.182499999997,16,1049.4602777777789,VER
2022-09-03T14:06:09Z,4869.036,67.623,10883,304,8,100,FALSE,12,car,0.9402080414702704,OnTrack,-328,1621,540,3974.835833333331,16,1044.57138888889,VER
2022-09-03T14:06:09Z,4869.219,67.806,10950,306,8,100,FALSE,12,pos,0.9438974483808952,OnTrack,-256,1809,539,3990.39083333333,16,1033.0213888888902,VER
2022-09-03T14:06:09Z,4869.476,68.063,11018,308,8,100,FALSE,12,car,0.9491151845691898,OnTrack,-200,1950,538,4012.3786111111085,16,1021.4713888888905,VER
2022-09-03T14:06:09Z,4869.519,68.106,11030,309,8,100,FALSE,12,pos,0.9499893547137336,OnTrack,-188,1984,538,4016.069444444441,16,1015.0047222222242,VER
2022-09-03T14:06:09Z,4869.716,68.303,11043,310,8,100,FALSE,12,car,0.9540051745821737,OnTrack,-103,2203,537,4033.03333333333,16,1008.538055555558,VER
2022-09-03T14:06:09Z,4869.798,68.385,11072,311,8,100,FALSE,12,pos,0.9556884799421138,OnTrack,-70,2290,537,4040.11722222222,16,1001.9047222222246,VER
2022-09-03T14:06:09Z,4869.956,68.543,11102,313,8,100,FALSE,12,car,0.9589424870791545,OnTrack,-25,2407,536,4053.8544444444424,16,995.2713888888911,VER
2022-09-03T14:06:10Z,4870.236,68.823,11200,313,8,100,FALSE,12,car,0.9647026849922985,OnTrack,28,2547,536,4078.198888888886,16,979.7936111111144,VER
2022-09-03T14:06:10Z,4870.298,68.885,11200,314,8,100,FALSE,12,pos,0.9659870715376428,OnTrack,48,2599,537,4083.6066666666648,16,974.2658333333366,VER
2022-09-03T14:06:10Z,4870.436,69.023,11201,316,8,100,FALSE,12,car,0.9688565474764463,OnTrack,104,2744,537,4095.719999999997,16,968.7380555555587,VER
2022-09-03T14:06:10Z,4870.518,69.105,11233,316,8,100,FALSE,12,pos,0.9705629518394574,OnTrack,137,2828,537,4102.917777777776,16,961.2713888888923,VER
2022-09-03T14:06:10Z,4870.716,69.303,11266,317,8,100,FALSE,12,car,0.9746903581424743,OnTrack,191,2968,536,4120.352777777775,16,953.8047222222258,VER
2022-09-03T14:06:10Z,4870.898,69.485,11268,318,8,100,FALSE,12,pos,0.9785020214585073,OnTrack,236,3084,537,4136.429444444442,16,945.4047222222257,VER
2022-09-03T14:06:11Z,4871.036,69.623,11271,319,8,100,FALSE,12,car,0.9813996347624396,OnTrack,280,3197,537,4148.657777777776,16,937.0047222222256,VER
2022-09-03T14:06:11Z,4871.098,69.685,11310,319,8,100,FALSE,12,pos,0.9827025793571013,OnTrack,302,3254,537,4154.151666666664,16,931.7825000000039,VER
2022-09-03T14:06:11Z,4871.236,69.823,11350,320,8,100,FALSE,12,car,0.9856060777843612,OnTrack,352,3386,536,4166.418333333329,16,926.5602777777822,VER
2022-09-03T14:06:11Z,4871.378,69.965,11355,320,8,100,FALSE,12,pos,0.9886006760021182,OnTrack,404,3519,537,4179.040555555553,16,921.4213888888926,VER
2022-09-03T14:06:11Z,4871.436,70.023,11360,321,8,100,FALSE,12,car,0.9898256659407266,OnTrack,422,3567,537,4184.212222222219,16,916.282500000003,VER
2022-09-03T14:06:11Z,4871.676,70.263,11385,322,8,100,FALSE,12,car,0.9949049458896974,OnTrack,489,3733,537,4205.678888888886,16,904.4158333333362,VER
2022-09-03T14:06:11Z,4871.755,70.342,11406,322,8,100,FALSE,12,interpolation,0.9965803411414291,OnTrack,507,3776,537,4212.744999999996,16,904.4158333333362,VER
